from,to,weight
BTG,L03331PAPP01,"1,858"
EbMl-env,W03900PMBX0,26
EbMl-env_0000000002,W03900PMBX0,7
EbObol-env,W03900PMBX0,2
EbObol-env_0000000002,W03900PMBX0,2
EbtWeb-env,W03900PMBX0,8
EbtWeb-env_0000000002,W03900PMBX0,9
FW_ZONE_B2,W00571PAPP0,244
FW_ZONE_D2,W00572PAPP0,263
L02427PAPP0,W03900PMBX0,1
L02633PAPP0,L02694PAPP0,2
L02633PAPP0,L02701PAPP0,3
L02633PAPP0,L03074PAPP0,4
L02633PAPP0,L03331PAPP01,2
L02633PAPP0,L03455PAPP0,3
L02633PAPP0,L04014PAPP0,1
L02633PAPP0,L04067PAPP0,1
L02633PAPP0,L04134PAPP0,1
L02633PAPP0,L04160PAPP0,2
L02633PAPP0,L05374PORA0,1
L02633PAPP0,L05528PNOD1,8
L02633PAPP0,L05528PNOD2,6
L02633PAPP0,L05820PAPP0,2
L02633PAPP0,L05918PAPP0,2
L02633PAPP0,L05984PSQL0,1
L02633PAPP0,L05997PORA0,7
L02633PAPP0,L05998PORA0,8
L02633PAPP0,L06023PAPPO,2
L02633PAPP0,L06036PAPP0,3
L02633PAPP0,L06100PAPP0,3
L02633PAPP0,L06284PAPP0,4
L02633PAPP0,L06387PAPP0,40
L02633PAPP0,L06392PAPP0,1
L02633PAPP0,L06514PAPP0,3
L02633PAPP0,NSCL116PNMG,2
L02633PAPP0,NSCL139PAPP,1
L02633PAPP0,NSCL169PFAP,1
L02633PAPP0,W00571PAPP0,1
L02633PAPP0,W00875DFLE0,1
L02633PAPP0,W00928PFLE0,2
L02633PAPP0,W01345PAPP0,1
L02633PAPP0,W01605PAPP0,51
L02633PAPP0,W01608PNOD1,2
L02633PAPP0,W01725UAPP0,1
L02633PAPP0,W02130PAPP0,2
L02633PAPP0,W02283PAPP0,1
L02633PAPP0,W02369PAPP0,1
L02633PAPP0,W02475PAPP0,1
L02633PAPP0,W02476PAPP0,2
L02633PAPP0,W02509PAPP0,1
L02633PAPP0,W02510PAPP1,2
L02633PAPP0,W02763PAPP1,1
L02633PAPP0,W02764PNOD2,5
L02633PAPP0,W02764PNOD3,2
L02633PAPP0,W02824PAPP0,5
L02633PAPP0,W02825PNOD1,5
L02633PAPP0,W02825PNOD2,1
L02633PAPP0,W02894QNOD1,2
L02633PAPP0,W02894QNOD2,8
L02633PAPP0,W02896QAPP0,1
L02633PAPP0,W02952QNOD1,2
L02633PAPP0,W02954QAPP0,2
L02633PAPP0,W02975PAPP0,2
L02633PAPP0,W03014PAPP0,7
L02633PAPP0,W03022PNOD1,6
L02633PAPP0,W03022PNOD2,4
L02633PAPP0,W03060PAPP0,1
L02633PAPP0,W03066UAPP0,1
L02633PAPP0,W03072USQL0,2
L02633PAPP0,W03073PNOD1,7
L02633PAPP0,W03095PNOD1,7
L02633PAPP0,W03095PNOD2,3
L02633PAPP0,W03097PAPP0,187
L02633PAPP0,W03108QAPP0,2
L02633PAPP0,W03110QNOD1,1
L02633PAPP0,W03125DAPP0,1
L02633PAPP0,W03156PNOD1,1
L02633PAPP0,W03156PNOD2,6
L02633PAPP0,W03158PAPP0,243
L02633PAPP0,W03191DNOD2,6
L02633PAPP0,W03328PSQL0,2
L02633PAPP0,W03330DAPP0,5
L02633PAPP0,W03453PNOD1,10
L02633PAPP0,W03453PNOD2,6
L02633PAPP0,W03866QNOD1,14
L02633PAPP0,W03869PNOD1,6
L02633PAPP0,W03869PNOD2,2
L02633PAPP0,W03900PMBX0,54
L02633PAPP0,W04013PSQL0,1
L02633PAPP0,W04158PAPP0,1
L02633PAPP0,W04181PNOD1,11
L02633PAPP0,W04181PNOD2,6
L02633PAPP0,W04197PAPP0,1
L02633PAPP0,W04227QAPP0,1
L02633PAPP0,W04228QSQL0,1
L02633PAPP0,W04238QNOD1,7
L02633PAPP0,W04251QNOD1,1
L02633PAPP0,W04251QNOD2,1
L02633PAPP0,W05004PNOD1,5
L02633PAPP0,W05010PAPP0,1
L02633PAPP0,W05012PAPP0,1
L02633PAPP0,W05013PAPP0,1
L02633PAPP0,W05049PBKP0,1
L02633PAPP0,W05053PNOD1,16
L02633PAPP0,W05053PNOD2,1
L02633PAPP0,W05054PNOD1,20
L02633PAPP0,W05093QAPP0,1
L02633PAPP0,W05094QNOD1,13
L02633PAPP0,W05094QNOD2,1
L02633PAPP0,W05095QNOD2,39
L02633PAPP0,W05115PNOD1,1
L02633PAPP0,W05115PNOD2,6
L02633PAPP0,W05245QNOD2,26
L02633PAPP0,W05247PNOD1,1
L02633PAPP0,W05247PNOD2,4
L02633PAPP0,W05251PAPP0,1
L02633PAPP0,W05263PAPP0,1
L02633PAPP0,W05359PCXW0,108
L02633PAPP0,W05360PCXW0,1
L02633PAPP0,W05416PPSC0,1
L02633PAPP0,W05581QSQL0,1
L02633PAPP0,W05639QNOD1,1
L02633PAPP0,W05640QAPP0,1
L02633PAPP0,W05641QAPP0,2
L02633PAPP0,W05686PNOD1,15
L02633PAPP0,W05782PAPP0,1
L02633PAPP0,W05815QAPP0,1
L02633PAPP0,W05816QSQL0,1
L02633PAPP0,W05934QAPP0,1
L02633PAPP0,W05986PAPP0,1
L02633PAPP0,W06064QAPP0,1
L02633PAPP0,W06065QAPP0,1
L02633PAPP0,W06178PFLE0,1
L02633PAPP0,W06297QNOD1,1
L02633PAPP0,W06297QNOD2,1
L02633PAPP0,W06451PNCE0,1
L02633PAPP0,W06545PNOD1,15
L02694PAPP0,L05528PNOD1,304
L02694PAPP0,L05528PNOD2,103
L02694PAPP0,L05997PORA0,103
L02694PAPP0,NSCL169PFAP,405
L02694PAPP0,W00707PFLE0,344
L02694PAPP0,W02764PNOD2,13
L02694PAPP0,W03095PNOD1,340
L02694PAPP0,W03900PMBX0,724
L02694PAPP0,W05004PNOD1,132
L02694PAPP0,W05686PNOD1,7
L02701PAPP0,NSCL169PFAP,367
L02701PAPP0,W00707PFLE0,314
L02701PAPP0,W03095PNOD1,310
L04011PAPP0,W03900PMBX0,"1,281"
L04067PAPP0,W00707PFLE0,352
L04067PAPP0,Weblogic-12-Auto,357
L04067PAPP0,Weblogic-12-Auto_0000000002,241
L04160PAPP0,W02872PAPP0,14
L05374PORA0,L05528PNOD1,2
L05374PORA0,L05528PNOD2,2
L05528PNOD1,L05374PORA0,"1,473"
L05528PNOD1,L05528PNOD1,"3,650"
L05528PNOD1,L05528PNOD2,"1,069"
L05528PNOD1,W03900PMBX0,97
L05528PNOD2,L05374PORA0,"1,308"
L05528PNOD2,L05528PNOD1,"2,315"
L05528PNOD2,L05528PNOD2,"1,727"
L05528PNOD2,L05997PORA0,300
L05528PNOD2,W03900PMBX0,93
L05820PAPP0,L05997PORA0,467
L05820PAPP0,W00707PFLE0,336
L05997PORA0,L05998PORA0,"2,485"
L05998PORA0,L05997PORA0,4
L06036PAPP0,L05528PNOD1,919
L06036PAPP0,L05528PNOD2,979
L06036PAPP0,W03022PNOD1,315
Ml-UAT-env,L04011PAPP0,1
NSCL047PMBX,NSCL169PFAP,2
NSCL047PMBX,W00707PFLE0,79
NSCL114DWSS,NSCL169PFAP,2
NSCL114DWSS,W00707PFLE0,2
NSCL114DWSS,W00928PFLE0,1
NSCL114DWSS,W05691PAPP0,3
NSCL114DWSS,W06178PFLE0,1
NSCL115PNMG,NSCL116PNMG,"1,620"
NSCL115PNMG,W05691PAPP0,2
NSCL115PNMG,W06791PAPP0,282
NSCL116PNMG,W06791PAPP0,264
NSCL138PAPP,L05528PNOD1,"1,622"
NSCL138PAPP,L05528PNOD2,"1,279"
NSCL138PAPP,L05827PAPP0,2
NSCL138PAPP,L06036PAPP0,24
NSCL138PAPP,NSCL169PFAP,2
NSCL138PAPP,W00707PFLE0,18
NSCL138PAPP,W02764PNOD2,545
NSCL138PAPP,W02825PNOD1,3
NSCL138PAPP,W03900PMBX0,17
NSCL138PAPP,W04181PNOD1,126
NSCL139PAPP,L05528PNOD1,"1,300"
NSCL139PAPP,L05528PNOD2,"1,383"
NSCL139PAPP,L05827PAPP0,4
NSCL139PAPP,L06036PAPP0,14
NSCL139PAPP,NSCL169PFAP,3
NSCL139PAPP,W00707PFLE0,14
NSCL139PAPP,W02764PNOD2,583
NSCL139PAPP,W02825PNOD1,3
NSCL139PAPP,W03900PMBX0,21
NSCL139PAPP,W04181PNOD1,8
NSCL139PAPP,W05691PAPP0,2
NSCL139PAPP,W06791PAPP0,407
NSCL169PFAP,W00707PFLE0,5
NSCL169PFAP,W06791PAPP0,384
S03018PAPP0,S03019PAPP0,"24,202"
S03019PAPP0,S03018PAPP0,"23,755"
TEM-VDI-WIN11,NSCL169PFAP,9
TEM-VDI-WIN11,VDI-CL-TI-0024,58
TEM-VDI-WIN11,VDI-CL-TI-0037,59
TEM-VDI-WIN11,VDI-CL-TI-0062,9
TEM-VDI-WIN11,W00707PFLE0,9
TEM-VDI-WIN11,W05416PPSC0,10
TEMPBCM-W2K16S,W05416PPSC0,3
TEMPLATE-TIT-2K,W05416PPSC0,2
TEMPLATE-TIT-2K,W06791PAPP0,166
VDI-CL-TI-0024,TEM-VDI-WIN11,37
VDI-CL-TI-0024,VDI-CL-TI-0037,8
VDI-CL-TI-0024,VDI-CL-TI-0062,2
VDI-CL-TI-0024,W00875DFLE0,223
VDI-CL-TI-0024,W02763PAPP1,11
VDI-CL-TI-0024,W02820DAPP0,315
VDI-CL-TI-0024,W03209DAPP0,350
VDI-CL-TI-0024,W03210DSQL0,"3,254"
VDI-CL-TI-0024,W03211DSQL0,33
VDI-CL-TI-0024,W03212DAPP0,10
VDI-CL-TI-0024,W03537QSQL0,"1,055"
VDI-CL-TI-0024,W03804QAPP0,10
VDI-CL-TI-0024,W05262PAPP0,3
VDI-CL-TI-0024,W05691PAPP0,3
VDI-CL-TI-0024,W05911PCXW0,196
VDI-CL-TI-0024,W05912PCXW0,144
VDI-CL-TI-0024,W06791PAPP0,320
VDI-CL-TI-0037,L05997PORA0,3
VDI-CL-TI-0037,NSCL047PMBX,3
VDI-CL-TI-0037,NSCL169PFAP,276
VDI-CL-TI-0037,TEM-VDI-WIN11,26
VDI-CL-TI-0037,VDI-CL-TI-0024,3
VDI-CL-TI-0037,VDI-CL-TI-0062,13
VDI-CL-TI-0037,W00707PFLE0,223
VDI-CL-TI-0037,W02764PNOD2,33
VDI-CL-TI-0037,W05895PSQL0,3
VDI-CL-TI-0037,W06791PAPP0,397
VDI-CL-TI-0062,TEM-VDI-WIN11,29
VDI-CL-TI-0062,VDI-CL-TI-0024,3
VDI-CL-TI-0062,VDI-CL-TI-0037,12
VDI-CL-TI-0062,W05262PAPP0,1
VDI-CL-TI-0062,W05912PCXW0,251
VDI-CL-TI-0062,W06791PAPP0,433
W00571PAPP0,BTG,24
W00571PAPP0,EC2-Apache-Prod,2
W00571PAPP0,FW_ZONE_B2,1
W00571PAPP0,FW_ZONE_D2,2
W00571PAPP0,L02427PAPP0,7
W00571PAPP0,L02633PAPP0,31
W00571PAPP0,L02694PAPP0,4
W00571PAPP0,L02701PAPP0,3
W00571PAPP0,L03074PAPP0,12
W00571PAPP0,L03075PAPP0,2
W00571PAPP0,L03087PAPP0,4
W00571PAPP0,L03331PAPP01,1
W00571PAPP0,L03455PAPP0,4
W00571PAPP0,L03456PAPP0,3
W00571PAPP0,L04014PAPP0,2
W00571PAPP0,L04067PAPP0,5
W00571PAPP0,L04134PAPP0,17
W00571PAPP0,L04160PAPP0,1
W00571PAPP0,L05113PAPP0,1
W00571PAPP0,L05463PAPP0,8
W00571PAPP0,L05526PAPP0,5
W00571PAPP0,L05528PNOD1,10
W00571PAPP0,L05528PNOD2,7
W00571PAPP0,L05820PAPP0,4
W00571PAPP0,L05827PAPP0,3
W00571PAPP0,L05918PAPP0,2
W00571PAPP0,L05984PSQL0,3
W00571PAPP0,L05997PORA0,2
W00571PAPP0,L05998PORA0,2
W00571PAPP0,L06023PAPPO,1
W00571PAPP0,L06036PAPP0,2
W00571PAPP0,L06100PAPP0,1
W00571PAPP0,L06284PAPP0,2
W00571PAPP0,L06326PAPP0,134
W00571PAPP0,L06387PAPP0,1
W00571PAPP0,L06392PAPP0,1
W00571PAPP0,L06514PAPP0,2
W00571PAPP0,L06689EAPP0,1
W00571PAPP0,L06780PAPP0,1
W00571PAPP0,NSCL047PMBX,341
W00571PAPP0,NSCL114DWSS,358
W00571PAPP0,NSCL115PNMG,56
W00571PAPP0,NSCL116PNMG,300
W00571PAPP0,NSCL138PAPP,148
W00571PAPP0,NSCL139PAPP,232
W00571PAPP0,NSCL169PFAP,277
W00571PAPP0,S02969PAPP0,3
W00571PAPP0,S03018PAPP0,1
W00571PAPP0,S03019PAPP0,2
W00571PAPP0,TEM-VDI-WIN11,268
W00571PAPP0,TEMPBCM-W2K16S,149
W00571PAPP0,TEMPLATE-TIT-2K,239
W00571PAPP0,VDI-CL-TI-0024,20
W00571PAPP0,VDI-CL-TI-0037,102
W00571PAPP0,VDI-CL-TI-0062,203
W00571PAPP0,W00707PFLE0,302
W00571PAPP0,W00708PAPP0,648
W00571PAPP0,W00875DFLE0,"15,705"
W00571PAPP0,W00928PFLE0,204
W00571PAPP0,W01345PAPP0,368
W00571PAPP0,W01605PAPP0,40
W00571PAPP0,W01608PNOD1,92
W00571PAPP0,W01725UAPP0,463
W00571PAPP0,W02129PAPP0,382
W00571PAPP0,W02130PAPP0,342
W00571PAPP0,W02283PAPP0,765
W00571PAPP0,W02369PAPP0,46
W00571PAPP0,W02475PAPP0,166
W00571PAPP0,W02476PAPP0,246
W00571PAPP0,W02509PAPP0,436
W00571PAPP0,W02510PAPP1,379
W00571PAPP0,W02561PAPP0,484
W00571PAPP0,W02762PAPP2,"16,098"
W00571PAPP0,W02763PAPP1,222
W00571PAPP0,W02763PAPP2,288
W00571PAPP0,W02764PNOD2,258
W00571PAPP0,W02764PNOD3,508
W00571PAPP0,W02765PSQL0,"4,241"
W00571PAPP0,W02820DAPP0,"12,636"
W00571PAPP0,W02821DSQL0,"9,144"
W00571PAPP0,W02823PAPP0,271
W00571PAPP0,W02824PAPP0,336
W00571PAPP0,W02825PNOD1,431
W00571PAPP0,W02825PNOD2,318
W00571PAPP0,W02856DAPP0,"5,858"
W00571PAPP0,W02857PAPP0,107
W00571PAPP0,W02894QNOD1,272
W00571PAPP0,W02894QNOD2,307
W00571PAPP0,W02897UAPP0,171
W00571PAPP0,W02952QNOD1,407
W00571PAPP0,W02952QNOD2,867
W00571PAPP0,W02953QAPP0,707
W00571PAPP0,W02954QAPP0,659
W00571PAPP0,W02957EAPP0,40
W00571PAPP0,W02962PAPP0,324
W00571PAPP0,W02975PAPP0,10
W00571PAPP0,W03022PNOD1,23
W00571PAPP0,W03022PNOD2,85
W00571PAPP0,W03060PAPP0,393
W00571PAPP0,W03066UAPP0,236
W00571PAPP0,W03070UAPP0,394
W00571PAPP0,W03072USQL0,346
W00571PAPP0,W03073PNOD1,293
W00571PAPP0,W03073PNOD2,254
W00571PAPP0,W03095PNOD1,39
W00571PAPP0,W03095PNOD2,384
W00571PAPP0,W03096PAPP0,442
W00571PAPP0,W03097PAPP0,279
W00571PAPP0,W03107QAPP0,664
W00571PAPP0,W03108QAPP0,517
W00571PAPP0,W03110QNOD1,363
W00571PAPP0,W03110QNOD2,321
W00571PAPP0,W03125DAPP0,"8,743"
W00571PAPP0,W03126DSQL0,"7,384"
W00571PAPP0,W03139PAPP0,245
W00571PAPP0,W03156PNOD1,253
W00571PAPP0,W03156PNOD2,342
W00571PAPP0,W03158PAPP0,251
W00571PAPP0,W03190DAPP0,"4,745"
W00571PAPP0,W03191DNOD1,"7,881"
W00571PAPP0,W03191DNOD2,"27,221"
W00571PAPP0,W03209DAPP0,325
W00571PAPP0,W03210DSQL0,576
W00571PAPP0,W03211DSQL0,"9,211"
W00571PAPP0,W03212DAPP0,"10,168"
W00571PAPP0,W03328PSQL0,547
W00571PAPP0,W03330DAPP0,"4,133"
W00571PAPP0,W03351DAPP0,"6,646"
W00571PAPP0,W03453PNOD1,341
W00571PAPP0,W03453PNOD2,264
W00571PAPP0,W03537QSQL0,665
W00571PAPP0,W03804QAPP0,379
W00571PAPP0,W03807PAPP0,365
W00571PAPP0,W03866QNOD1,"1,167"
W00571PAPP0,W03866QNOD2,"1,272"
W00571PAPP0,W03869PNOD1,542
W00571PAPP0,W03869PNOD2,60
W00571PAPP0,W03898PMON0,447
W00571PAPP0,W03900PMBX0,10
W00571PAPP0,W03926PAPP0,328
W00571PAPP0,W04013PSQL0,554
W00571PAPP0,W04042QAPP0,219
W00571PAPP0,W04048QAPP0,215
W00571PAPP0,W04049PAPP0,22
W00571PAPP0,W04050PAPP0,41
W00571PAPP0,W04051PAPP0,346
W00571PAPP0,W04150PSQL0,318
W00571PAPP0,W04158PAPP0,256
W00571PAPP0,W04165PAPP0,904
W00571PAPP0,W04181PNOD1,510
W00571PAPP0,W04181PNOD2,668
W00571PAPP0,W04197PAPP0,409
W00571PAPP0,W04228QSQL0,703
W00571PAPP0,W04238QNOD1,509
W00571PAPP0,W04238QNOD2,498
W00571PAPP0,W04251QNOD1,806
W00571PAPP0,W04251QNOD2,507
W00571PAPP0,W05004PNOD2,632
W00571PAPP0,W05010PAPP0,433
W00571PAPP0,W05011PAPP0,437
W00571PAPP0,W05012PAPP0,218
W00571PAPP0,W05013PAPP0,712
W00571PAPP0,W05015QAPP0,266
W00571PAPP0,W05049PBKP0,516
W00571PAPP0,W05053PNOD1,111
W00571PAPP0,W05053PNOD2,537
W00571PAPP0,W05054PNOD1,868
W00571PAPP0,W05054PNOD2,579
W00571PAPP0,W05093QAPP0,169
W00571PAPP0,W05094QNOD1,460
W00571PAPP0,W05094QNOD2,457
W00571PAPP0,W05095QNOD1,496
W00571PAPP0,W05095QNOD2,557
W00571PAPP0,W05115PNOD1,273
W00571PAPP0,W05115PNOD2,787
W00571PAPP0,W05115PNOD3,344
W00571PAPP0,W05117PAPP0,153
W00571PAPP0,W05120QAPP0,329
W00571PAPP0,W05142PAPP0,351
W00571PAPP0,W05160PAPP0,403
W00571PAPP0,W05169PAPP0,575
W00571PAPP0,W05176PSQL0,610
W00571PAPP0,W05219PAPP0,488
W00571PAPP0,W05245QNOD1,425
W00571PAPP0,W05245QNOD2,521
W00571PAPP0,W05247PNOD1,623
W00571PAPP0,W05247PNOD2,358
W00571PAPP0,W05248QAPP0,226
W00571PAPP0,W05249QAPP0,510
W00571PAPP0,W05250PAPP0,508
W00571PAPP0,W05251PAPP0,288
W00571PAPP0,W05262PAPP0,648
W00571PAPP0,W05263PAPP0,441
W00571PAPP0,W05359PCXW0,"1,974"
W00571PAPP0,W05360PCXW0,"1,637"
W00571PAPP0,W05416PPSC0,289
W00571PAPP0,W05427PCXW0,"1,924"
W00571PAPP0,W05461DAPP0,"6,138"
W00571PAPP0,W05462DSQL0,"6,094"
W00571PAPP0,W05580QAPP0,518
W00571PAPP0,W05581QSQL0,577
W00571PAPP0,W05639QNOD1,207
W00571PAPP0,W05639QNOD2,279
W00571PAPP0,W05640QAPP0,649
W00571PAPP0,W05641QAPP0,728
W00571PAPP0,W05684PAPP0,444
W00571PAPP0,W05685PAPP0,356
W00571PAPP0,W05686PNOD1,629
W00571PAPP0,W05686PNOD2,586
W00571PAPP0,W05730DAPP0,"8,083"
W00571PAPP0,W05731DSQL0,"5,115"
W00571PAPP0,W05780QAPP0,987
W00571PAPP0,W05781PAPP0,391
W00571PAPP0,W05782PAPP0,288
W00571PAPP0,W05815QAPP0,588
W00571PAPP0,W05816QSQL0,510
W00571PAPP0,W05859QAPP0,179
W00571PAPP0,W05871PAPP0,718
W00571PAPP0,W05888QAPP0,633
W00571PAPP0,W05889QAPP0,653
W00571PAPP0,W05892QAPP0,640
W00571PAPP0,W05895PSQL0,558
W00571PAPP0,W05911PCXW0,"1,512"
W00571PAPP0,W05912PCXW0,"1,497"
W00571PAPP0,W05917DSQL0,"9,622"
W00571PAPP0,W05934QAPP0,116
W00571PAPP0,W05935PAPP0,514
W00571PAPP0,W05986PAPP0,476
W00571PAPP0,W06064QAPP0,269
W00571PAPP0,W06065QAPP0,292
W00571PAPP0,W06178PFLE0,553
W00571PAPP0,W06254QAPP0,492
W00571PAPP0,W06255QSQL0,411
W00571PAPP0,W06297QNOD1,494
W00571PAPP0,W06297QNOD2,299
W00571PAPP0,W06307PSQL0,476
W00571PAPP0,W06353PCXW0,499
W00571PAPP0,W06423QSQL0,531
W00571PAPP0,W06445PNCE0,344
W00571PAPP0,W06448PSQL0,388
W00571PAPP0,W06449PNCE0,524
W00571PAPP0,W06450PNCE0,414
W00571PAPP0,W06451PNCE0,425
W00571PAPP0,W06532PAPP0,500
W00571PAPP0,W06545PNOD1,"2,318"
W00571PAPP0,W06545PNOD2,345
W00571PAPP0,W06559PAPP0,452
W00571PAPP0,W06625QAPP0,597
W00571PAPP0,W06626QAPP0,379
W00571PAPP0,W06627QNOD1,673
W00571PAPP0,W06627QNOD2,738
W00571PAPP0,W06682EAPP0,598
W00571PAPP0,W06761PSQL0,542
W00571PAPP0,W06779QAPP0,762
W00571PAPP0,W06791PAPP0,373
W00571PAPP0,Weblogic-12-Auto,3
W00571PAPP0,Weblogic-12-Auto_0000000002,1
W00571PAPP0,WP-BTGChile-L2023_0000000003,26
W00572PAPP0,BTG,25
W00572PAPP0,EC2-Apache-Prod,1
W00572PAPP0,FW_ZONE_B2,3
W00572PAPP0,FW_ZONE_D2,2
W00572PAPP0,L02427PAPP0,4
W00572PAPP0,L02633PAPP0,39
W00572PAPP0,L02694PAPP0,4
W00572PAPP0,L02701PAPP0,7
W00572PAPP0,L03021PAPP0,1
W00572PAPP0,L03074PAPP0,11
W00572PAPP0,L03075PAPP0,1
W00572PAPP0,L03087PAPP0,4
W00572PAPP0,L03331PAPP01,2
W00572PAPP0,L03455PAPP0,7
W00572PAPP0,L03456PAPP0,3
W00572PAPP0,L04014PAPP0,3
W00572PAPP0,L04067PAPP0,9
W00572PAPP0,L04134PAPP0,16
W00572PAPP0,L04160PAPP0,1
W00572PAPP0,L05112PAPP0,2
W00572PAPP0,L05113PAPP0,2
W00572PAPP0,L05374PORA0,2
W00572PAPP0,L05463PAPP0,9
W00572PAPP0,L05526PAPP0,3
W00572PAPP0,L05528PNOD1,11
W00572PAPP0,L05528PNOD2,10
W00572PAPP0,L05820PAPP0,3
W00572PAPP0,L05827PAPP0,4
W00572PAPP0,L05918PAPP0,2
W00572PAPP0,L05984PSQL0,2
W00572PAPP0,L05997PORA0,3
W00572PAPP0,L05998PORA0,3
W00572PAPP0,L06023PAPPO,1
W00572PAPP0,L06036PAPP0,3
W00572PAPP0,L06100PAPP0,3
W00572PAPP0,L06284PAPP0,2
W00572PAPP0,L06326PAPP0,184
W00572PAPP0,L06387PAPP0,1
W00572PAPP0,L06392PAPP0,1
W00572PAPP0,L06514PAPP0,2
W00572PAPP0,L06689EAPP0,1
W00572PAPP0,L06780PAPP0,1
W00572PAPP0,NSCL047PMBX,336
W00572PAPP0,NSCL114DWSS,197
W00572PAPP0,NSCL115PNMG,64
W00572PAPP0,NSCL116PNMG,294
W00572PAPP0,NSCL138PAPP,127
W00572PAPP0,NSCL139PAPP,223
W00572PAPP0,NSCL169PFAP,269
W00572PAPP0,S02969PAPP0,5
W00572PAPP0,S03018PAPP0,1
W00572PAPP0,S03019PAPP0,2
W00572PAPP0,TEM-VDI-WIN11,140
W00572PAPP0,TEMPBCM-W2K16S,164
W00572PAPP0,TEMPLATE-TIT-2K,113
W00572PAPP0,VDI-CL-TI-0024,7
W00572PAPP0,VDI-CL-TI-0037,72
W00572PAPP0,VDI-CL-TI-0062,76
W00572PAPP0,W00571PAPP0,45
W00572PAPP0,W00707PFLE0,260
W00572PAPP0,W00708PAPP0,337
W00572PAPP0,W00875DFLE0,"14,712"
W00572PAPP0,W00928PFLE0,187
W00572PAPP0,W01345PAPP0,343
W00572PAPP0,W01605PAPP0,30
W00572PAPP0,W01608PNOD1,77
W00572PAPP0,W01725UAPP0,414
W00572PAPP0,W02129PAPP0,357
W00572PAPP0,W02130PAPP0,346
W00572PAPP0,W02283PAPP0,576
W00572PAPP0,W02369PAPP0,33
W00572PAPP0,W02475PAPP0,127
W00572PAPP0,W02476PAPP0,245
W00572PAPP0,W02509PAPP0,195
W00572PAPP0,W02510PAPP1,360
W00572PAPP0,W02561PAPP0,979
W00572PAPP0,W02762PAPP2,"14,712"
W00572PAPP0,W02763PAPP1,170
W00572PAPP0,W02763PAPP2,263
W00572PAPP0,W02764PNOD2,293
W00572PAPP0,W02764PNOD3,198
W00572PAPP0,W02765PSQL0,"4,055"
W00572PAPP0,W02820DAPP0,"11,729"
W00572PAPP0,W02821DSQL0,"8,365"
W00572PAPP0,W02823PAPP0,305
W00572PAPP0,W02824PAPP0,326
W00572PAPP0,W02825PNOD1,384
W00572PAPP0,W02825PNOD2,277
W00572PAPP0,W02856DAPP0,"5,449"
W00572PAPP0,W02857PAPP0,102
W00572PAPP0,W02894QNOD1,254
W00572PAPP0,W02894QNOD2,286
W00572PAPP0,W02897UAPP0,161
W00572PAPP0,W02952QNOD1,385
W00572PAPP0,W02952QNOD2,895
W00572PAPP0,W02953QAPP0,622
W00572PAPP0,W02954QAPP0,630
W00572PAPP0,W02957EAPP0,48
W00572PAPP0,W02962PAPP0,282
W00572PAPP0,W02975PAPP0,9
W00572PAPP0,W03022PNOD1,25
W00572PAPP0,W03022PNOD2,99
W00572PAPP0,W03060PAPP0,366
W00572PAPP0,W03066UAPP0,190
W00572PAPP0,W03070UAPP0,384
W00572PAPP0,W03072USQL0,317
W00572PAPP0,W03073PNOD1,278
W00572PAPP0,W03073PNOD2,244
W00572PAPP0,W03095PNOD1,34
W00572PAPP0,W03095PNOD2,338
W00572PAPP0,W03096PAPP0,207
W00572PAPP0,W03097PAPP0,322
W00572PAPP0,W03107QAPP0,574
W00572PAPP0,W03108QAPP0,440
W00572PAPP0,W03110QNOD1,350
W00572PAPP0,W03110QNOD2,350
W00572PAPP0,W03125DAPP0,"8,369"
W00572PAPP0,W03126DSQL0,"7,258"
W00572PAPP0,W03139PAPP0,218
W00572PAPP0,W03156PNOD1,178
W00572PAPP0,W03156PNOD2,346
W00572PAPP0,W03158PAPP0,211
W00572PAPP0,W03190DAPP0,"4,687"
W00572PAPP0,W03191DNOD1,"7,515"
W00572PAPP0,W03191DNOD2,"26,159"
W00572PAPP0,W03209DAPP0,334
W00572PAPP0,W03210DSQL0,301
W00572PAPP0,W03211DSQL0,"8,477"
W00572PAPP0,W03212DAPP0,"9,556"
W00572PAPP0,W03328PSQL0,318
W00572PAPP0,W03330DAPP0,"3,801"
W00572PAPP0,W03351DAPP0,"6,216"
W00572PAPP0,W03453PNOD1,323
W00572PAPP0,W03453PNOD2,248
W00572PAPP0,W03537QSQL0,286
W00572PAPP0,W03804QAPP0,175
W00572PAPP0,W03807PAPP0,175
W00572PAPP0,W03866QNOD1,588
W00572PAPP0,W03866QNOD2,662
W00572PAPP0,W03869PNOD1,284
W00572PAPP0,W03869PNOD2,19
W00572PAPP0,W03898PMON0,246
W00572PAPP0,W03900PMBX0,6
W00572PAPP0,W03926PAPP0,154
W00572PAPP0,W04013PSQL0,310
W00572PAPP0,W04042QAPP0,90
W00572PAPP0,W04048QAPP0,108
W00572PAPP0,W04049PAPP0,5
W00572PAPP0,W04050PAPP0,27
W00572PAPP0,W04051PAPP0,186
W00572PAPP0,W04150PSQL0,176
W00572PAPP0,W04158PAPP0,231
W00572PAPP0,W04165PAPP0,423
W00572PAPP0,W04181PNOD1,264
W00572PAPP0,W04181PNOD2,375
W00572PAPP0,W04197PAPP0,194
W00572PAPP0,W04228QSQL0,327
W00572PAPP0,W04238QNOD1,248
W00572PAPP0,W04238QNOD2,242
W00572PAPP0,W04251QNOD1,417
W00572PAPP0,W04251QNOD2,270
W00572PAPP0,W05004PNOD2,275
W00572PAPP0,W05010PAPP0,217
W00572PAPP0,W05011PAPP0,220
W00572PAPP0,W05012PAPP0,231
W00572PAPP0,W05013PAPP0,356
W00572PAPP0,W05015QAPP0,242
W00572PAPP0,W05049PBKP0,251
W00572PAPP0,W05053PNOD1,57
W00572PAPP0,W05053PNOD2,267
W00572PAPP0,W05054PNOD1,431
W00572PAPP0,W05054PNOD2,320
W00572PAPP0,W05093QAPP0,134
W00572PAPP0,W05094QNOD1,242
W00572PAPP0,W05094QNOD2,241
W00572PAPP0,W05095QNOD1,297
W00572PAPP0,W05095QNOD2,268
W00572PAPP0,W05115PNOD1,135
W00572PAPP0,W05115PNOD2,335
W00572PAPP0,W05115PNOD3,173
W00572PAPP0,W05117PAPP0,75
W00572PAPP0,W05120QAPP0,277
W00572PAPP0,W05142PAPP0,236
W00572PAPP0,W05160PAPP0,160
W00572PAPP0,W05169PAPP0,338
W00572PAPP0,W05176PSQL0,371
W00572PAPP0,W05219PAPP0,231
W00572PAPP0,W05245QNOD1,236
W00572PAPP0,W05245QNOD2,263
W00572PAPP0,W05247PNOD1,344
W00572PAPP0,W05247PNOD2,247
W00572PAPP0,W05248QAPP0,112
W00572PAPP0,W05249QAPP0,259
W00572PAPP0,W05250PAPP0,252
W00572PAPP0,W05251PAPP0,150
W00572PAPP0,W05262PAPP0,363
W00572PAPP0,W05263PAPP0,249
W00572PAPP0,W05359PCXW0,940
W00572PAPP0,W05360PCXW0,803
W00572PAPP0,W05416PPSC0,110
W00572PAPP0,W05427PCXW0,925
W00572PAPP0,W05461DAPP0,"5,573"
W00572PAPP0,W05462DSQL0,"5,655"
W00572PAPP0,W05580QAPP0,278
W00572PAPP0,W05581QSQL0,261
W00572PAPP0,W05639QNOD1,112
W00572PAPP0,W05639QNOD2,211
W00572PAPP0,W05640QAPP0,297
W00572PAPP0,W05641QAPP0,377
W00572PAPP0,W05684PAPP0,196
W00572PAPP0,W05685PAPP0,227
W00572PAPP0,W05686PNOD1,372
W00572PAPP0,W05686PNOD2,270
W00572PAPP0,W05691PAPP0,3
W00572PAPP0,W05730DAPP0,"7,505"
W00572PAPP0,W05731DSQL0,"4,711"
W00572PAPP0,W05780QAPP0,542
W00572PAPP0,W05781PAPP0,157
W00572PAPP0,W05782PAPP0,142
W00572PAPP0,W05815QAPP0,266
W00572PAPP0,W05816QSQL0,248
W00572PAPP0,W05859QAPP0,218
W00572PAPP0,W05871PAPP0,360
W00572PAPP0,W05888QAPP0,346
W00572PAPP0,W05889QAPP0,295
W00572PAPP0,W05892QAPP0,278
W00572PAPP0,W05895PSQL0,299
W00572PAPP0,W05911PCXW0,811
W00572PAPP0,W05912PCXW0,783
W00572PAPP0,W05917DSQL0,"8,632"
W00572PAPP0,W05934QAPP0,73
W00572PAPP0,W05935PAPP0,241
W00572PAPP0,W05986PAPP0,252
W00572PAPP0,W06064QAPP0,258
W00572PAPP0,W06065QAPP0,331
W00572PAPP0,W06178PFLE0,323
W00572PAPP0,W06254QAPP0,283
W00572PAPP0,W06255QSQL0,177
W00572PAPP0,W06297QNOD1,217
W00572PAPP0,W06297QNOD2,156
W00572PAPP0,W06307PSQL0,267
W00572PAPP0,W06353PCXW0,261
W00572PAPP0,W06423QSQL0,266
W00572PAPP0,W06445PNCE0,200
W00572PAPP0,W06448PSQL0,216
W00572PAPP0,W06449PNCE0,252
W00572PAPP0,W06450PNCE0,212
W00572PAPP0,W06451PNCE0,166
W00572PAPP0,W06532PAPP0,269
W00572PAPP0,W06545PNOD1,"1,123"
W00572PAPP0,W06545PNOD2,221
W00572PAPP0,W06559PAPP0,177
W00572PAPP0,W06625QAPP0,269
W00572PAPP0,W06626QAPP0,308
W00572PAPP0,W06627QNOD1,337
W00572PAPP0,W06627QNOD2,308
W00572PAPP0,W06682EAPP0,222
W00572PAPP0,W06761PSQL0,332
W00572PAPP0,W06779QAPP0,367
W00572PAPP0,W06791PAPP0,557
W00572PAPP0,Weblogic-12-Auto_0000000002,6
W00572PAPP0,WP-BTGChile-L2023_0000000003,20
W00707PFLE0,NSCL169PFAP,8
W00707PFLE0,W00928PFLE0,"1,654"
W00708PAPP0,W06791PAPP0,400
W00875DFLE0,W05691PAPP0,2
W00928PFLE0,NSCL169PFAP,11
W00928PFLE0,W00707PFLE0,329
W01345PAPP0,W06791PAPP0,389
W01605PAPP0,NSCL169PFAP,47
W01605PAPP0,W01608PNOD1,"15,818"
W01606PAPP0,L05528PNOD1,4
W01606PAPP0,L05528PNOD2,3
W01606PAPP0,W01605PAPP0,792
W01606PAPP0,W01608PNOD1,"1,164"
W01606PAPP0,W03900PMBX0,3
W01608PNOD1,L05528PNOD1,124
W01608PNOD1,L05528PNOD2,144
W01608PNOD1,W00707PFLE0,323
W01608PNOD1,W06791PAPP0,435
W01725UAPP0,NSCL169PFAP,1
W01725UAPP0,W00707PFLE0,2
W01725UAPP0,W00928PFLE0,1
W01725UAPP0,W05691PAPP0,9
W01725UAPP0,W06178PFLE0,6
W02475PAPP0,L05528PNOD1,71
W02475PAPP0,L05528PNOD2,49
W02476PAPP0,L05528PNOD1,128
W02476PAPP0,L05528PNOD2,69
W02476PAPP0,W06791PAPP0,281
W02509PAPP0,W00707PFLE0,1
W02509PAPP0,W05691PAPP0,3
W02509PAPP0,W06545PNOD1,"5,745"
W02509PAPP0,W06791PAPP0,350
W02510PAPP1,W02509PAPP0,24
W02510PAPP1,W05691PAPP0,3
W02510PAPP1,W06545PNOD1,"5,658"
W02561PAPP0,W00571PAPP0,208
W02561PAPP0,W00572PAPP0,218
W02561PAPP0,W03900PMBX0,3
W02763PAPP1,NSCL169PFAP,2
W02763PAPP1,W00707PFLE0,3
W02763PAPP1,W02764PNOD2,"2,715"
W02763PAPP1,W03900PMBX0,224
W02763PAPP1,W05053PNOD1,1
W02763PAPP1,W05416PPSC0,2
W02763PAPP1,W05691PAPP0,5
W02763PAPP1,W06791PAPP0,290
W02763PAPP2,NSCL169PFAP,1
W02763PAPP2,W00707PFLE0,3
W02763PAPP2,W02763PAPP1,1
W02763PAPP2,W02764PNOD2,"4,104"
W02763PAPP2,W03900PMBX0,124
W02763PAPP2,W05053PNOD1,3
W02763PAPP2,W05691PAPP0,5
W02763PAPP2,W06791PAPP0,473
W02764PNOD2,L05528PNOD1,6
W02764PNOD2,L05528PNOD2,4
W02764PNOD2,W02764PNOD2,"1,087"
W02764PNOD2,W02764PNOD3,"1,043"
W02764PNOD2,W02894QNOD2,1
W02764PNOD2,W03210DSQL0,13
W02764PNOD2,W03211DSQL0,2
W02764PNOD2,W03537QSQL0,1
W02764PNOD2,W03900PMBX0,5
W02764PNOD2,W05247PNOD2,1
W02764PNOD2,W05686PNOD1,6
W02764PNOD2,W06307PSQL0,3
W02764PNOD3,W02764PNOD2,4
W02764PNOD3,W02764PNOD3,3
W02764PNOD3,W03900PMBX0,1
W02764PNOD3,W06791PAPP0,443
W02823PAPP0,L05528PNOD1,82
W02823PAPP0,L05528PNOD2,92
W02823PAPP0,W02825PNOD1,11
W02824PAPP0,W05691PAPP0,3
W02824PAPP0,W06791PAPP0,473
W02825PNOD1,W02765PSQL0,1
W02825PNOD1,W02823PAPP0,15
W02825PNOD1,W02825PNOD1,"3,905"
W02825PNOD2,W02825PNOD1,4
W02857PAPP0,L03087PAPP0,341
W02857PAPP0,W00707PFLE0,11
W02857PAPP0,W02975PAPP0,1
W02857PAPP0,W03212DAPP0,4
W02857PAPP0,W03804QAPP0,1
W02857PAPP0,W03900PMBX0,1
W02857PAPP0,W04048QAPP0,4
W02857PAPP0,W04049PAPP0,17
W02857PAPP0,W04050PAPP0,19
W02857PAPP0,W04051PAPP0,10
W02857PAPP0,W05640QAPP0,2
W02857PAPP0,W05641QAPP0,4
W02857PAPP0,W05691PAPP0,1
W02857PAPP0,W05730DAPP0,4
W02857PAPP0,W05888QAPP0,14
W02857PAPP0,W05889QAPP0,11
W02872PAPP0,L04160PAPP0,3
W02872PAPP0,W05691PAPP0,2
W02872PAPP0,W06791PAPP0,480
W02894QNOD1,W05691PAPP0,7
W02894QNOD2,W05691PAPP0,11
W02895QAPP0,W05691PAPP0,1
W02896QAPP0,W05691PAPP0,1
W02897UAPP0,W05691PAPP0,8
W02952QNOD1,W05691PAPP0,25
W02952QNOD2,W05691PAPP0,14
W02954QAPP0,W05691PAPP0,8
W02957EAPP0,NSCL169PFAP,1
W02957EAPP0,S02969PAPP0,"9,389"
W02957EAPP0,W00707PFLE0,3
W02957EAPP0,W05416PPSC0,7
W02957EAPP0,W05639QNOD1,7
W02957EAPP0,W05691PAPP0,4
W02957EAPP0,W06791PAPP0,407
W02975PAPP0,NSCL047PMBX,7
W02975PAPP0,NSCL169PFAP,63
W02975PAPP0,W00707PFLE0,326
W02975PAPP0,W03900PMBX0,5
W02975PAPP0,W05691PAPP0,4
W03014PAPP0,L03074PAPP0,"1,120"
W03014PAPP0,L03075PAPP0,"8,248"
W03014PAPP0,L05528PNOD1,416
W03014PAPP0,L05528PNOD2,214
W03014PAPP0,W00707PFLE0,335
W03014PAPP0,W03015PAPP0,487
W03014PAPP0,W03073PNOD1,"1,062"
W03014PAPP0,W05686PNOD1,441
W03015PAPP0,L03074PAPP0,777
W03015PAPP0,L03075PAPP0,"1,554"
W03015PAPP0,NSCL169PFAP,7
W03015PAPP0,W00707PFLE0,341
W03015PAPP0,W03014PAPP0,4
W03015PAPP0,W03022PNOD1,378
W03015PAPP0,W03073PNOD1,716
W03015PAPP0,W05691PAPP0,3
W03015PAPP0,W06791PAPP0,485
W03022PNOD1,NSCL169PFAP,1
W03022PNOD1,S03018PAPP0,"1,823"
W03022PNOD1,S03019PAPP0,"1,810"
W03022PNOD1,W00707PFLE0,343
W03022PNOD1,W03022PNOD1,"5,664"
W03022PNOD1,W03022PNOD2,"5,248"
W03022PNOD2,NSCL169PFAP,1
W03022PNOD2,W00707PFLE0,337
W03022PNOD2,W03022PNOD1,"2,444"
W03022PNOD2,W03022PNOD2,"1,657"
W03022PNOD2,W05691PAPP0,2
W03059PAPP0,NSCL169PFAP,5
W03059PAPP0,W00707PFLE0,335
W03060PAPP0,W06791PAPP0,481
W03066UAPP0,W05691PAPP0,14
W03072USQL0,W05691PAPP0,7
W03073PNOD1,W03073PNOD1,"3,200"
W03073PNOD2,W03073PNOD1,1
W03095PNOD1,W03095PNOD1,"3,428"
W03095PNOD1,W03095PNOD2,170
W03095PNOD1,W06791PAPP0,318
W03095PNOD2,W03095PNOD1,1
W03095PNOD2,W03095PNOD2,"2,987"
W03095PNOD2,W05691PAPP0,2
W03095PNOD2,W06791PAPP0,479
W03096PAPP0,W03095PNOD1,"3,588"
W03096PAPP0,W05691PAPP0,3
W03096PAPP0,W06791PAPP0,491
W03097PAPP0,W03095PNOD1,264
W03097PAPP0,W05691PAPP0,3
W03107QAPP0,W05691PAPP0,6
W03108QAPP0,W05691PAPP0,10
W03110QNOD1,W05416PPSC0,2
W03110QNOD1,W05691PAPP0,6
W03110QNOD2,W05416PPSC0,3
W03110QNOD2,W05691PAPP0,13
W03139PAPP0,W02764PNOD2,"1,519"
W03139PAPP0,W03900PMBX0,1
W03139PAPP0,W05054PNOD1,"1,481"
W03139PAPP0,W05247PNOD2,"1,317"
W03139PAPP0,W05686PNOD1,"1,391"
W03156PNOD1,W03156PNOD1,314
W03156PNOD1,W05691PAPP0,1
W03156PNOD1,W06791PAPP0,326
W03156PNOD2,W03156PNOD2,"2,525"
W03156PNOD2,W06791PAPP0,413
W03157PAPP0,L05528PNOD1,69
W03157PAPP0,L05528PNOD2,117
W03157PAPP0,W03156PNOD1,16
W03157PAPP0,W03158PAPP0,721
W03157PAPP0,W03900PMBX0,54
W03157PAPP0,W05011PAPP0,2
W03157PAPP0,W05691PAPP0,2
W03158PAPP0,L05528PNOD2,2
W03158PAPP0,W03156PNOD1,"1,708"
W03158PAPP0,W03157PAPP0,23
W03209DAPP0,W00707PFLE0,1
W03209DAPP0,W05691PAPP0,2
W03210DSQL0,W05691PAPP0,13
W03212DAPP0,L04011PAPP0,1
W03453PNOD1,W03453PNOD1,"2,669"
W03453PNOD1,W03453PNOD2,317
W03453PNOD1,W06791PAPP0,428
W03453PNOD2,W03453PNOD1,2
W03453PNOD2,W03453PNOD2,552
W03453PNOD2,W05691PAPP0,3
W03537QSQL0,W05691PAPP0,2
W03807PAPP0,W03900PMBX0,2
W03807PAPP0,W05691PAPP0,2
W03807PAPP0,W06791PAPP0,243
W03866QNOD1,NSCL169PFAP,11
W03866QNOD1,W00707PFLE0,10
W03866QNOD1,W00928PFLE0,7
W03866QNOD1,W05691PAPP0,23
W03866QNOD1,W06178PFLE0,20
W03866QNOD2,W05691PAPP0,15
W03869PNOD1,W03869PNOD1,"2,659"
W03869PNOD1,W05691PAPP0,3
W03869PNOD2,W00707PFLE0,6
W03869PNOD2,W03869PNOD1,1
W03869PNOD2,W03869PNOD2,449
W03869PNOD2,W04051PAPP0,1
W03869PNOD2,W05691PAPP0,7
W03900PMBX0,L04134PAPP0,"2,075"
W03900PMBX0,W05691PAPP0,2
W03900PMBX0,W06791PAPP0,370
W03926PAPP0,L05528PNOD1,370
W03926PAPP0,L05528PNOD2,192
W03926PAPP0,W01608PNOD1,784
W03926PAPP0,W02764PNOD2,6
W03926PAPP0,W04150PSQL0,43
W03926PAPP0,W05686PNOD1,7
W04009PAPP0,L05528PNOD1,"1,000"
W04009PAPP0,L05528PNOD2,957
W04009PAPP0,W01608PNOD1,6
W04009PAPP0,W02764PNOD2,7
W04009PAPP0,W02825PNOD1,6
W04009PAPP0,W03869PNOD2,3
W04009PAPP0,W03900PMBX0,25
W04009PAPP0,W04013PSQL0,"2,308"
W04013PSQL0,W06791PAPP0,260
W04048QAPP0,L04011PAPP0,2
W04048QAPP0,NSCL169PFAP,4
W04048QAPP0,W00707PFLE0,4
W04048QAPP0,W00928PFLE0,1
W04048QAPP0,W05691PAPP0,6
W04048QAPP0,W06178PFLE0,1
W04049PAPP0,L05528PNOD1,"2,767"
W04049PAPP0,L05528PNOD2,"1,153"
W04049PAPP0,NSCL138PAPP,116
W04049PAPP0,NSCL139PAPP,9
W04049PAPP0,NSCL169PFAP,7
W04049PAPP0,W00707PFLE0,82
W04049PAPP0,W01608PNOD1,3
W04049PAPP0,W02764PNOD2,30
W04049PAPP0,W02823PAPP0,3
W04049PAPP0,W02825PNOD1,16
W04049PAPP0,W03095PNOD1,1
W04049PAPP0,W03158PAPP0,26
W04049PAPP0,W03453PNOD2,646
W04049PAPP0,W03869PNOD2,253
W04049PAPP0,W03900PMBX0,50
W04049PAPP0,W04009PAPP0,2
W04049PAPP0,W04048QAPP0,5
W04049PAPP0,W04051PAPP0,1
W04049PAPP0,W04150PSQL0,12
W04049PAPP0,W05176PSQL0,8
W04049PAPP0,W05247PNOD2,3
W04049PAPP0,W05686PNOD1,17
W04049PAPP0,W06559PAPP0,57
W04050PAPP0,L05528PNOD1,"1,816"
W04050PAPP0,L05528PNOD2,"1,992"
W04050PAPP0,NSCL138PAPP,58
W04050PAPP0,NSCL139PAPP,2
W04050PAPP0,NSCL169PFAP,49
W04050PAPP0,W00707PFLE0,111
W04050PAPP0,W01608PNOD1,3
W04050PAPP0,W02764PNOD2,42
W04050PAPP0,W02823PAPP0,3
W04050PAPP0,W02825PNOD1,21
W04050PAPP0,W03158PAPP0,1
W04050PAPP0,W03869PNOD2,254
W04050PAPP0,W03900PMBX0,48
W04050PAPP0,W04009PAPP0,5
W04050PAPP0,W04049PAPP0,8
W04050PAPP0,W04051PAPP0,4
W04050PAPP0,W04150PSQL0,8
W04050PAPP0,W05247PNOD2,3
W04050PAPP0,W05686PNOD1,20
W04050PAPP0,W05691PAPP0,4
W04050PAPP0,W06559PAPP0,51
W04050PAPP0,W06791PAPP0,405
W04051PAPP0,L05528PNOD1,169
W04051PAPP0,L05528PNOD2,210
W04051PAPP0,NSCL169PFAP,4
W04051PAPP0,W00707PFLE0,30
W04051PAPP0,W02764PNOD2,3
W04051PAPP0,W02825PNOD1,7
W04051PAPP0,W03453PNOD2,334
W04051PAPP0,W03869PNOD2,26
W04051PAPP0,W03900PMBX0,7
W04150PSQL0,L05528PNOD1,156
W04150PSQL0,L05528PNOD2,225
W04150PSQL0,W01608PNOD1,860
W04150PSQL0,W02764PNOD2,147
W04150PSQL0,W03900PMBX0,5
W04150PSQL0,W05691PAPP0,1
W04150PSQL0,W06791PAPP0,397
W04158PAPP0,L04160PAPP0,385
W04158PAPP0,L05528PNOD1,3
W04158PAPP0,L05528PNOD2,1
W04158PAPP0,W02764PNOD2,2
W04158PAPP0,W02825PNOD1,1
W04158PAPP0,W02872PAPP0,6
W04158PAPP0,W05142PAPP0,9
W04158PAPP0,W05247PNOD2,2
W04158PAPP0,W05686PNOD1,3
W04158PAPP0,W05691PAPP0,1
W04158PAPP0,W06791PAPP0,427
W04165PAPP0,W05691PAPP0,3
W04165PAPP0,W06791PAPP0,379
W04181PNOD1,W04181PNOD1,"1,229"
W04181PNOD1,W04181PNOD2,6
W04181PNOD1,W05691PAPP0,1
W04181PNOD2,W04181PNOD1,2
W04181PNOD2,W05691PAPP0,1
W04181PNOD2,W06791PAPP0,422
W04227QAPP0,L04011PAPP0,3
W04227QAPP0,W05691PAPP0,11
W04228QSQL0,W05691PAPP0,8
W04238QNOD1,W05691PAPP0,7
W04238QNOD2,W05691PAPP0,1
W04251QNOD1,W05691PAPP0,5
W04251QNOD2,W05691PAPP0,10
W05004PNOD1,L02694PAPP0,78
W05004PNOD1,L05528PNOD1,635
W05004PNOD1,L05528PNOD2,463
W05004PNOD1,L06392PAPP0,1
W05004PNOD1,NSCL169PFAP,403
W05004PNOD1,W00707PFLE0,696
W05004PNOD1,W01608PNOD1,2
W05004PNOD1,W02764PNOD2,73
W05004PNOD1,W02825PNOD1,4
W05004PNOD1,W03059PAPP0,114
W05004PNOD1,W03095PNOD1,3
W05004PNOD1,W03139PAPP0,6
W05004PNOD1,W03453PNOD2,10
W05004PNOD1,W03869PNOD2,24
W05004PNOD1,W03900PMBX0,178
W05004PNOD1,W04181PNOD1,"53,088"
W05004PNOD1,W05004PNOD1,"14,848"
W05004PNOD1,W05004PNOD2,415
W05004PNOD1,W05054PNOD1,2
W05004PNOD1,W05686PNOD1,99
W05004PNOD1,W05895PSQL0,63
W05004PNOD1,W06545PNOD1,285
W05004PNOD1,W06791PAPP0,671
W05004PNOD2,W05004PNOD1,10
W05010PAPP0,L05528PNOD1,3
W05010PAPP0,L05528PNOD2,2
W05010PAPP0,W05691PAPP0,3
W05010PAPP0,W06791PAPP0,313
W05011PAPP0,L02701PAPP0,1
W05011PAPP0,L05528PNOD1,104
W05011PAPP0,L05528PNOD2,491
W05011PAPP0,L06036PAPP0,20
W05011PAPP0,L06284PAPP0,12
W05011PAPP0,W02764PNOD2,"1,496"
W05011PAPP0,W02825PNOD1,52
W05011PAPP0,W03157PAPP0,13
W05011PAPP0,W03158PAPP0,12
W05011PAPP0,W03210DSQL0,94
W05011PAPP0,W03453PNOD2,28
W05011PAPP0,W05004PNOD1,14
W05011PAPP0,W05013PAPP0,2
W05011PAPP0,W05015QAPP0,3
W05011PAPP0,W05054PNOD1,213
W05011PAPP0,W05247PNOD2,51
W05011PAPP0,W05686PNOD1,225
W05011PAPP0,W05691PAPP0,4
W05011PAPP0,W06448PSQL0,5
W05011PAPP0,W06451PNCE0,12
W05011PAPP0,W06545PNOD1,220
W05011PAPP0,W06791PAPP0,276
W05013PAPP0,L02694PAPP0,3
W05013PAPP0,L05528PNOD1,207
W05013PAPP0,L05528PNOD2,94
W05013PAPP0,L06036PAPP0,17
W05013PAPP0,W02764PNOD2,969
W05013PAPP0,W03157PAPP0,23
W05013PAPP0,W05004PNOD1,20
W05013PAPP0,W05011PAPP0,2
W05013PAPP0,W05015QAPP0,23
W05013PAPP0,W05247PNOD2,163
W05013PAPP0,W05686PNOD1,97
W05015QAPP0,W05013PAPP0,4
W05015QAPP0,W05169PAPP0,5
W05049PBKP0,W03900PMBX0,4
W05049PBKP0,W05691PAPP0,4
W05049PBKP0,W06791PAPP0,320
W05053PNOD1,L05528PNOD1,259
W05053PNOD1,L05528PNOD2,76
W05053PNOD1,NSCL169PFAP,253
W05053PNOD1,W02764PNOD2,178
W05053PNOD1,W03900PMBX0,1
W05053PNOD1,W05053PNOD1,"2,333"
W05053PNOD1,W05053PNOD2,6
W05053PNOD1,W05054PNOD1,"14,083"
W05053PNOD2,W05054PNOD1,697
W05053PNOD2,W06791PAPP0,391
W05054PNOD1,W05054PNOD1,"3,425"
W05054PNOD1,W05054PNOD2,5
W05054PNOD2,W05054PNOD1,3
W05093QAPP0,W05691PAPP0,10
W05094QNOD1,L04011PAPP0,"1,033"
W05094QNOD1,W05691PAPP0,18
W05094QNOD2,W05691PAPP0,16
W05095QNOD1,W05416PPSC0,5
W05095QNOD1,W05691PAPP0,10
W05095QNOD2,W05691PAPP0,7
W05115PNOD1,L05528PNOD1,672
W05115PNOD1,L05528PNOD2,370
W05115PNOD1,S03018PAPP0,"5,281"
W05115PNOD1,S03019PAPP0,"5,281"
W05115PNOD1,W00707PFLE0,125
W05115PNOD1,W03022PNOD1,158
W05115PNOD1,W05115PNOD1,"1,239"
W05115PNOD1,W05115PNOD2,160
W05115PNOD1,W05115PNOD3,18
W05115PNOD1,W05686PNOD1,21
W05115PNOD2,W00707PFLE0,3
W05115PNOD2,W03022PNOD1,4
W05115PNOD2,W05115PNOD1,199
W05115PNOD2,W05115PNOD2,4
W05115PNOD2,W05115PNOD3,40
W05115PNOD2,W06791PAPP0,476
W05115PNOD3,W05115PNOD1,128
W05115PNOD3,W05115PNOD2,12
W05120QAPP0,W05691PAPP0,14
W05120QAPP0,W06545PNOD1,419
W05142PAPP0,L04160PAPP0,3
W05142PAPP0,W02872PAPP0,8
W05142PAPP0,W03900PMBX0,8
W05142PAPP0,W04181PNOD1,"19,730"
W05142PAPP0,W06791PAPP0,499
W05160PAPP0,W05691PAPP0,9
W05176PSQL0,W06791PAPP0,470
W05245QNOD1,W05691PAPP0,12
W05245QNOD2,W05691PAPP0,13
W05247PNOD1,W05691PAPP0,3
W05247PNOD2,NSCL169PFAP,1
W05247PNOD2,W00707PFLE0,1
W05247PNOD2,W05247PNOD1,173
W05247PNOD2,W05247PNOD2,393
W05248QAPP0,W05691PAPP0,11
W05249QAPP0,W05691PAPP0,12
W05250PAPP0,W05247PNOD2,420
W05251PAPP0,W05247PNOD2,514
W05262PAPP0,W05691PAPP0,3
W05262PAPP0,W06791PAPP0,360
W05263PAPP0,W05691PAPP0,1
W05359PCXW0,W05262PAPP0,87
W05359PCXW0,W05263PAPP0,92
W05359PCXW0,W05360PCXW0,"1,735"
W05359PCXW0,W05691PAPP0,5
W05359PCXW0,W05911PCXW0,"1,131"
W05359PCXW0,W05912PCXW0,"1,100"
W05359PCXW0,W06791PAPP0,441
W05360PCXW0,W05262PAPP0,35
W05360PCXW0,W05263PAPP0,65
W05360PCXW0,W05359PCXW0,14
W05360PCXW0,W05911PCXW0,737
W05360PCXW0,W05912PCXW0,739
W05360PCXW0,W06791PAPP0,251
W05416PPSC0,W06791PAPP0,352
W05427PCXW0,W05911PCXW0,496
W05427PCXW0,W05912PCXW0,499
W05427PCXW0,W06545PNOD1,52
W05427PCXW0,W06791PAPP0,360
W05461DAPP0,W05416PPSC0,3
W05461DAPP0,W05691PAPP0,2
W05462DSQL0,W05691PAPP0,4
W05580QAPP0,L05528PNOD1,190
W05580QAPP0,L05528PNOD2,95
W05580QAPP0,W05691PAPP0,8
W05581QSQL0,W05691PAPP0,9
W05639QNOD1,W05691PAPP0,17
W05639QNOD2,W05691PAPP0,12
W05640QAPP0,W05691PAPP0,11
W05641QAPP0,W05691PAPP0,10
W05684PAPP0,NSCL169PFAP,6
W05684PAPP0,W00707PFLE0,4
W05684PAPP0,W03900PMBX0,6
W05684PAPP0,W05416PPSC0,3
W05684PAPP0,W05686PNOD1,"11,859"
W05684PAPP0,W05691PAPP0,3
W05685PAPP0,NSCL169PFAP,1
W05685PAPP0,W00707PFLE0,2
W05685PAPP0,W03900PMBX0,6
W05685PAPP0,W05416PPSC0,3
W05685PAPP0,W05686PNOD1,"12,381"
W05685PAPP0,W05691PAPP0,3
W05685PAPP0,W06791PAPP0,362
W05686PNOD1,L05528PNOD1,18
W05686PNOD1,L05528PNOD2,17
W05686PNOD1,W02894QNOD2,6
W05686PNOD1,W03900PMBX0,9
W05686PNOD1,W05639QNOD1,20
W05686PNOD1,W05686PNOD1,"1,365"
W05686PNOD1,W05686PNOD2,92
W05686PNOD1,W05691PAPP0,1
W05686PNOD1,W05731DSQL0,2
W05691PAPP0,EC2-Apache-Prod,4
W05691PAPP0,L02694PAPP0,3
W05691PAPP0,L02701PAPP0,3
W05691PAPP0,L03021PAPP0,3
W05691PAPP0,L03331PAPP01,4
W05691PAPP0,L05827PAPP0,6
W05691PAPP0,L05984PSQL0,5
W05691PAPP0,L06036PAPP0,4
W05691PAPP0,L06284PAPP0,2
W05691PAPP0,L06326PAPP0,5
W05691PAPP0,L06689EAPP0,3
W05691PAPP0,NSCL047PMBX,82
W05691PAPP0,NSCL114DWSS,66
W05691PAPP0,NSCL115PNMG,74
W05691PAPP0,NSCL116PNMG,64
W05691PAPP0,NSCL138PAPP,72
W05691PAPP0,NSCL139PAPP,78
W05691PAPP0,NSCL169PFAP,56
W05691PAPP0,S02969PAPP0,5
W05691PAPP0,TEM-VDI-WIN11,48
W05691PAPP0,TEMPBCM-W2K16S,63
W05691PAPP0,TEMPLATE-TIT-2K,11
W05691PAPP0,VDI-CL-TI-0024,64
W05691PAPP0,VDI-CL-TI-0037,79
W05691PAPP0,VDI-CL-TI-0062,71
W05691PAPP0,W00571PAPP0,67
W05691PAPP0,W00572PAPP0,66
W05691PAPP0,W00707PFLE0,68
W05691PAPP0,W00708PAPP0,86
W05691PAPP0,W00875DFLE0,67
W05691PAPP0,W00928PFLE0,78
W05691PAPP0,W01345PAPP0,78
W05691PAPP0,W01605PAPP0,69
W05691PAPP0,W01606PAPP0,71
W05691PAPP0,W01608PNOD1,82
W05691PAPP0,W01725UAPP0,97
W05691PAPP0,W02129PAPP0,84
W05691PAPP0,W02130PAPP0,64
W05691PAPP0,W02283PAPP0,68
W05691PAPP0,W02369PAPP0,79
W05691PAPP0,W02475PAPP0,67
W05691PAPP0,W02476PAPP0,73
W05691PAPP0,W02509PAPP0,74
W05691PAPP0,W02510PAPP1,78
W05691PAPP0,W02561PAPP0,77
W05691PAPP0,W02762PAPP2,94
W05691PAPP0,W02763PAPP1,22
W05691PAPP0,W02763PAPP2,10
W05691PAPP0,W02764PNOD2,108
W05691PAPP0,W02764PNOD3,75
W05691PAPP0,W02765PSQL0,53
W05691PAPP0,W02820DAPP0,17
W05691PAPP0,W02821DSQL0,75
W05691PAPP0,W02823PAPP0,80
W05691PAPP0,W02824PAPP0,79
W05691PAPP0,W02825PNOD1,89
W05691PAPP0,W02825PNOD2,74
W05691PAPP0,W02856DAPP0,15
W05691PAPP0,W02857PAPP0,69
W05691PAPP0,W02872PAPP0,70
W05691PAPP0,W02894QNOD1,119
W05691PAPP0,W02894QNOD2,189
W05691PAPP0,W02895QAPP0,108
W05691PAPP0,W02896QAPP0,120
W05691PAPP0,W02897UAPP0,103
W05691PAPP0,W02952QNOD1,158
W05691PAPP0,W02952QNOD2,109
W05691PAPP0,W02953QAPP0,115
W05691PAPP0,W02954QAPP0,83
W05691PAPP0,W02957EAPP0,87
W05691PAPP0,W02962PAPP0,85
W05691PAPP0,W02975PAPP0,70
W05691PAPP0,W03014PAPP0,108
W05691PAPP0,W03015PAPP0,88
W05691PAPP0,W03022PNOD1,98
W05691PAPP0,W03022PNOD2,69
W05691PAPP0,W03059PAPP0,91
W05691PAPP0,W03060PAPP0,58
W05691PAPP0,W03066UAPP0,102
W05691PAPP0,W03070UAPP0,85
W05691PAPP0,W03072USQL0,74
W05691PAPP0,W03073PNOD1,101
W05691PAPP0,W03073PNOD2,84
W05691PAPP0,W03095PNOD1,82
W05691PAPP0,W03095PNOD2,69
W05691PAPP0,W03096PAPP0,63
W05691PAPP0,W03097PAPP0,59
W05691PAPP0,W03107QAPP0,84
W05691PAPP0,W03108QAPP0,96
W05691PAPP0,W03110QNOD1,127
W05691PAPP0,W03110QNOD2,139
W05691PAPP0,W03125DAPP0,20
W05691PAPP0,W03126DSQL0,80
W05691PAPP0,W03139PAPP0,81
W05691PAPP0,W03156PNOD1,92
W05691PAPP0,W03156PNOD2,85
W05691PAPP0,W03157PAPP0,67
W05691PAPP0,W03158PAPP0,67
W05691PAPP0,W03190DAPP0,84
W05691PAPP0,W03191DNOD1,83
W05691PAPP0,W03191DNOD2,191
W05691PAPP0,W03209DAPP0,137
W05691PAPP0,W03210DSQL0,107
W05691PAPP0,W03211DSQL0,76
W05691PAPP0,W03212DAPP0,71
W05691PAPP0,W03328PSQL0,77
W05691PAPP0,W03330DAPP0,74
W05691PAPP0,W03351DAPP0,71
W05691PAPP0,W03453PNOD1,96
W05691PAPP0,W03453PNOD2,96
W05691PAPP0,W03537QSQL0,138
W05691PAPP0,W03804QAPP0,131
W05691PAPP0,W03807PAPP0,63
W05691PAPP0,W03866QNOD1,153
W05691PAPP0,W03866QNOD2,120
W05691PAPP0,W03869PNOD1,83
W05691PAPP0,W03869PNOD2,80
W05691PAPP0,W03898PMON0,66
W05691PAPP0,W03900PMBX0,64
W05691PAPP0,W03926PAPP0,75
W05691PAPP0,W04009PAPP0,1
W05691PAPP0,W04013PSQL0,1
W05691PAPP0,W04042QAPP0,121
W05691PAPP0,W04048QAPP0,129
W05691PAPP0,W04049PAPP0,57
W05691PAPP0,W04050PAPP0,64
W05691PAPP0,W04051PAPP0,64
W05691PAPP0,W04150PSQL0,70
W05691PAPP0,W04158PAPP0,71
W05691PAPP0,W04165PAPP0,68
W05691PAPP0,W04181PNOD1,97
W05691PAPP0,W04181PNOD2,64
W05691PAPP0,W04197PAPP0,72
W05691PAPP0,W04227QAPP0,99
W05691PAPP0,W04228QSQL0,95
W05691PAPP0,W04238QNOD1,164
W05691PAPP0,W04238QNOD2,137
W05691PAPP0,W04251QNOD1,105
W05691PAPP0,W04251QNOD2,143
W05691PAPP0,W05004PNOD1,131
W05691PAPP0,W05004PNOD2,81
W05691PAPP0,W05010PAPP0,69
W05691PAPP0,W05011PAPP0,62
W05691PAPP0,W05012PAPP0,65
W05691PAPP0,W05013PAPP0,75
W05691PAPP0,W05015QAPP0,119
W05691PAPP0,W05049PBKP0,65
W05691PAPP0,W05053PNOD1,97
W05691PAPP0,W05053PNOD2,82
W05691PAPP0,W05054PNOD1,122
W05691PAPP0,W05054PNOD2,89
W05691PAPP0,W05093QAPP0,96
W05691PAPP0,W05094QNOD1,187
W05691PAPP0,W05094QNOD2,136
W05691PAPP0,W05095QNOD1,129
W05691PAPP0,W05095QNOD2,171
W05691PAPP0,W05115PNOD1,97
W05691PAPP0,W05115PNOD2,78
W05691PAPP0,W05115PNOD3,115
W05691PAPP0,W05117PAPP0,76
W05691PAPP0,W05120QAPP0,139
W05691PAPP0,W05142PAPP0,70
W05691PAPP0,W05160PAPP0,144
W05691PAPP0,W05169PAPP0,81
W05691PAPP0,W05176PSQL0,77
W05691PAPP0,W05219PAPP0,76
W05691PAPP0,W05245QNOD1,143
W05691PAPP0,W05245QNOD2,145
W05691PAPP0,W05247PNOD1,68
W05691PAPP0,W05247PNOD2,93
W05691PAPP0,W05248QAPP0,116
W05691PAPP0,W05249QAPP0,131
W05691PAPP0,W05250PAPP0,78
W05691PAPP0,W05251PAPP0,71
W05691PAPP0,W05262PAPP0,67
W05691PAPP0,W05263PAPP0,70
W05691PAPP0,W05359PCXW0,78
W05691PAPP0,W05360PCXW0,69
W05691PAPP0,W05416PPSC0,66
W05691PAPP0,W05427PCXW0,68
W05691PAPP0,W05461DAPP0,81
W05691PAPP0,W05462DSQL0,29
W05691PAPP0,W05580QAPP0,128
W05691PAPP0,W05581QSQL0,124
W05691PAPP0,W05639QNOD1,146
W05691PAPP0,W05639QNOD2,133
W05691PAPP0,W05640QAPP0,132
W05691PAPP0,W05641QAPP0,131
W05691PAPP0,W05684PAPP0,63
W05691PAPP0,W05685PAPP0,67
W05691PAPP0,W05686PNOD1,92
W05691PAPP0,W05686PNOD2,73
W05691PAPP0,W05730DAPP0,98
W05691PAPP0,W05731DSQL0,69
W05691PAPP0,W05780QAPP0,120
W05691PAPP0,W05781PAPP0,17
W05691PAPP0,W05782PAPP0,22
W05691PAPP0,W05815QAPP0,121
W05691PAPP0,W05816QSQL0,125
W05691PAPP0,W05859QAPP0,3
W05691PAPP0,W05871PAPP0,74
W05691PAPP0,W05888QAPP0,132
W05691PAPP0,W05889QAPP0,127
W05691PAPP0,W05892QAPP0,118
W05691PAPP0,W05895PSQL0,69
W05691PAPP0,W05911PCXW0,71
W05691PAPP0,W05912PCXW0,90
W05691PAPP0,W05917DSQL0,75
W05691PAPP0,W05934QAPP0,152
W05691PAPP0,W05935PAPP0,62
W05691PAPP0,W05986PAPP0,90
W05691PAPP0,W06064QAPP0,74
W05691PAPP0,W06065QAPP0,129
W05691PAPP0,W06178PFLE0,70
W05691PAPP0,W06254QAPP0,116
W05691PAPP0,W06255QSQL0,124
W05691PAPP0,W06297QNOD1,124
W05691PAPP0,W06297QNOD2,146
W05691PAPP0,W06307PSQL0,72
W05691PAPP0,W06353PCXW0,82
W05691PAPP0,W06423QSQL0,72
W05691PAPP0,W06445PNCE0,66
W05691PAPP0,W06448PSQL0,66
W05691PAPP0,W06449PNCE0,71
W05691PAPP0,W06450PNCE0,67
W05691PAPP0,W06451PNCE0,59
W05691PAPP0,W06532PAPP0,74
W05691PAPP0,W06545PNOD1,147
W05691PAPP0,W06545PNOD2,84
W05691PAPP0,W06559PAPP0,81
W05691PAPP0,W06625QAPP0,128
W05691PAPP0,W06626QAPP0,120
W05691PAPP0,W06627QNOD1,93
W05691PAPP0,W06627QNOD2,107
W05691PAPP0,W06682EAPP0,91
W05691PAPP0,W06761PSQL0,81
W05691PAPP0,W06779QAPP0,132
W05691PAPP0,W06791PAPP0,465
W05691PAPP0,W06793QAPP0,134
W05691PAPP0,Wordpress-Test,4
W05691PAPP0,WP-BTGChile-L2023,4
W05691PAPP0,WP-BTGChile-L2023_0000000003,4
W05691PAPP0,WP-BTGChile-L2023_0000000004,4
W05691PAPP0,WP-BTGChile-L2023_0000000005,4
W05731DSQL0,W05691PAPP0,1
W05780QAPP0,NSCL169PFAP,1
W05780QAPP0,W00707PFLE0,3
W05780QAPP0,W00928PFLE0,3
W05780QAPP0,W05691PAPP0,1
W05780QAPP0,W06178PFLE0,3
W05781PAPP0,L05528PNOD1,621
W05781PAPP0,L05528PNOD2,240
W05781PAPP0,W03869PNOD2,33
W05781PAPP0,W06559PAPP0,10
W05782PAPP0,L05528PNOD1,705
W05782PAPP0,L05528PNOD2,201
W05782PAPP0,W03869PNOD2,11
W05782PAPP0,W06559PAPP0,8
W05782PAPP0,W06791PAPP0,373
W05815QAPP0,W05691PAPP0,12
W05816QSQL0,W05691PAPP0,8
W05859QAPP0,W05416PPSC0,4
W05871PAPP0,L05528PNOD1,123
W05871PAPP0,L05528PNOD2,124
W05871PAPP0,W03900PMBX0,4
W05871PAPP0,W06791PAPP0,371
W05888QAPP0,W05691PAPP0,10
W05889QAPP0,L04011PAPP0,3
W05889QAPP0,W05691PAPP0,8
W05892QAPP0,W05691PAPP0,12
W05895PSQL0,L05528PNOD1,158
W05895PSQL0,L05528PNOD2,137
W05911PCXW0,VDI-CL-TI-0024,4
W05911PCXW0,W05912PCXW0,656
W05911PCXW0,W06353PCXW0,35
W05912PCXW0,VDI-CL-TI-0024,2
W05912PCXW0,VDI-CL-TI-0062,1
W05912PCXW0,W05911PCXW0,402
W05912PCXW0,W06353PCXW0,5
W05917DSQL0,W05416PPSC0,4
W05917DSQL0,W05691PAPP0,2
W05934QAPP0,NSCL169PFAP,1
W05934QAPP0,W00928PFLE0,2
W05934QAPP0,W05691PAPP0,4
W05934QAPP0,W06178PFLE0,2
W06064QAPP0,NSCL169PFAP,1
W06064QAPP0,W00707PFLE0,1
W06064QAPP0,W00928PFLE0,1
W06064QAPP0,W05691PAPP0,2
W06064QAPP0,W06178PFLE0,2
W06065QAPP0,NSCL169PFAP,2
W06065QAPP0,W00707PFLE0,1
W06065QAPP0,W00928PFLE0,1
W06065QAPP0,W05691PAPP0,5
W06065QAPP0,W06178PFLE0,2
W06178PFLE0,NSCL169PFAP,6
W06254QAPP0,W05691PAPP0,14
W06255QSQL0,W05691PAPP0,12
W06297QNOD1,W05691PAPP0,13
W06297QNOD2,W05691PAPP0,17
W06307PSQL0,W05049PBKP0,267
W06353PCXW0,NSCL169PFAP,1
W06353PCXW0,W00707PFLE0,19
W06353PCXW0,W02962PAPP0,51
W06353PCXW0,W03158PAPP0,10
W06353PCXW0,W05262PAPP0,15
W06353PCXW0,W05263PAPP0,12
W06353PCXW0,W05691PAPP0,5
W06353PCXW0,W05911PCXW0,335
W06353PCXW0,W05912PCXW0,90
W06353PCXW0,W06791PAPP0,440
W06423QSQL0,W05416PPSC0,1
W06423QSQL0,W05691PAPP0,2
W06445PNCE0,W06448PSQL0,"1,300"
W06445PNCE0,W06449PNCE0,"2,825"
W06448PSQL0,W05011PAPP0,1
W06448PSQL0,W06449PNCE0,4
W06448PSQL0,W06451PNCE0,79
W06449PNCE0,W06445PNCE0,"14,206"
W06449PNCE0,W06448PSQL0,"22,993"
W06449PNCE0,W06450PNCE0,"13,926"
W06449PNCE0,W06451PNCE0,"2,947"
W06450PNCE0,W06448PSQL0,"1,138"
W06450PNCE0,W06449PNCE0,748
W06451PNCE0,W03900PMBX0,2
W06451PNCE0,W05691PAPP0,4
W06451PNCE0,W06448PSQL0,"1,179"
W06451PNCE0,W06449PNCE0,13
W06451PNCE0,W06791PAPP0,329
W06532PAPP0,W03900PMBX0,3
W06532PAPP0,W05691PAPP0,5
W06532PAPP0,W06791PAPP0,458
W06545PNOD1,W06545PNOD1,"52,398"
W06545PNOD1,W06545PNOD2,14
W06545PNOD1,W06791PAPP0,870
W06559PAPP0,NSCL169PFAP,8
W06559PAPP0,W00707PFLE0,5
W06559PAPP0,W06791PAPP0,230
W06625QAPP0,W05691PAPP0,13
W06626QAPP0,W05691PAPP0,13
W06627QNOD1,W05691PAPP0,8
W06627QNOD2,W05691PAPP0,11
W06682EAPP0,W05691PAPP0,5
W06682EAPP0,W06791PAPP0,383
W06761PSQL0,W06791PAPP0,409
W06791PAPP0,BTG,336
W06791PAPP0,L02427PAPP0,321
W06791PAPP0,L02633PAPP0,532
W06791PAPP0,L02694PAPP0,474
W06791PAPP0,L02701PAPP0,410
W06791PAPP0,L03021PAPP0,317
W06791PAPP0,L03074PAPP0,150
W06791PAPP0,L03075PAPP0,148
W06791PAPP0,L03087PAPP0,506
W06791PAPP0,L03331PAPP01,397
W06791PAPP0,L03455PAPP0,453
W06791PAPP0,L03456PAPP0,407
W06791PAPP0,L04011PAPP0,543
W06791PAPP0,L04014PAPP0,537
W06791PAPP0,L04067PAPP0,536
W06791PAPP0,L04134PAPP0,317
W06791PAPP0,L04160PAPP0,563
W06791PAPP0,L05112PAPP0,351
W06791PAPP0,L05113PAPP0,449
W06791PAPP0,L05374PORA0,317
W06791PAPP0,L05463PAPP0,534
W06791PAPP0,L05526PAPP0,487
W06791PAPP0,L05528PNOD1,"1,041"
W06791PAPP0,L05528PNOD2,401
W06791PAPP0,L05820PAPP0,356
W06791PAPP0,L05827PAPP0,340
W06791PAPP0,L05918PAPP0,321
W06791PAPP0,L05984PSQL0,514
W06791PAPP0,L05997PORA0,499
W06791PAPP0,L05998PORA0,534
W06791PAPP0,L06023PAPPO,326
W06791PAPP0,L06036PAPP0,384
W06791PAPP0,L06100PAPP0,311
W06791PAPP0,L06284PAPP0,352
W06791PAPP0,L06326PAPP0,515
W06791PAPP0,L06387PAPP0,348
W06791PAPP0,L06392PAPP0,328
W06791PAPP0,L06514PAPP0,478
W06791PAPP0,L06689EAPP0,349
W06791PAPP0,L06780PAPP0,331
W06791PAPP0,NSCL047PMBX,475
W06791PAPP0,NSCL115PNMG,1
W06791PAPP0,NSCL116PNMG,1
W06791PAPP0,NSCL138PAPP,291
W06791PAPP0,NSCL139PAPP,1
W06791PAPP0,NSCL169PFAP,2
W06791PAPP0,PSMP,492
W06791PAPP0,S02969PAPP0,381
W06791PAPP0,S03018PAPP0,474
W06791PAPP0,S03019PAPP0,450
W06791PAPP0,TEM-VDI-WIN11,230
W06791PAPP0,TEMPBCM-W2K16S,174
W06791PAPP0,TEMPLATE-TIT-2K,1
W06791PAPP0,VDI-CL-TI-0024,11
W06791PAPP0,VDI-CL-TI-0037,42
W06791PAPP0,VDI-CL-TI-0062,1
W06791PAPP0,W00571PAPP0,404
W06791PAPP0,W00572PAPP0,4
W06791PAPP0,W00707PFLE0,298
W06791PAPP0,W00708PAPP0,1
W06791PAPP0,W00928PFLE0,435
W06791PAPP0,W01345PAPP0,1
W06791PAPP0,W01605PAPP0,485
W06791PAPP0,W01606PAPP0,426
W06791PAPP0,W01608PNOD1,2
W06791PAPP0,W02129PAPP0,403
W06791PAPP0,W02130PAPP0,379
W06791PAPP0,W02283PAPP0,451
W06791PAPP0,W02369PAPP0,485
W06791PAPP0,W02475PAPP0,493
W06791PAPP0,W02476PAPP0,1
W06791PAPP0,W02509PAPP0,2
W06791PAPP0,W02510PAPP1,350
W06791PAPP0,W02561PAPP0,281
W06791PAPP0,W02763PAPP1,1
W06791PAPP0,W02763PAPP2,3
W06791PAPP0,W02764PNOD2,559
W06791PAPP0,W02764PNOD3,2
W06791PAPP0,W02823PAPP0,296
W06791PAPP0,W02824PAPP0,2
W06791PAPP0,W02825PNOD1,514
W06791PAPP0,W02825PNOD2,397
W06791PAPP0,W02857PAPP0,321
W06791PAPP0,W02872PAPP0,5
W06791PAPP0,W02957EAPP0,6
W06791PAPP0,W02962PAPP0,425
W06791PAPP0,W02975PAPP0,369
W06791PAPP0,W03014PAPP0,481
W06791PAPP0,W03015PAPP0,4
W06791PAPP0,W03022PNOD1,545
W06791PAPP0,W03022PNOD2,506
W06791PAPP0,W03059PAPP0,435
W06791PAPP0,W03060PAPP0,2
W06791PAPP0,W03073PNOD1,424
W06791PAPP0,W03073PNOD2,432
W06791PAPP0,W03095PNOD1,21
W06791PAPP0,W03095PNOD2,1
W06791PAPP0,W03096PAPP0,1
W06791PAPP0,W03097PAPP0,483
W06791PAPP0,W03139PAPP0,444
W06791PAPP0,W03156PNOD1,2
W06791PAPP0,W03156PNOD2,1
W06791PAPP0,W03157PAPP0,379
W06791PAPP0,W03158PAPP0,452
W06791PAPP0,W03328PSQL0,435
W06791PAPP0,W03453PNOD1,1
W06791PAPP0,W03453PNOD2,309
W06791PAPP0,W03807PAPP0,2
W06791PAPP0,W03869PNOD1,430
W06791PAPP0,W03869PNOD2,269
W06791PAPP0,W03898PMON0,329
W06791PAPP0,W03900PMBX0,2
W06791PAPP0,W03926PAPP0,258
W06791PAPP0,W04009PAPP0,425
W06791PAPP0,W04013PSQL0,1
W06791PAPP0,W04049PAPP0,455
W06791PAPP0,W04050PAPP0,2
W06791PAPP0,W04051PAPP0,429
W06791PAPP0,W04150PSQL0,3
W06791PAPP0,W04158PAPP0,5
W06791PAPP0,W04165PAPP0,3
W06791PAPP0,W04181PNOD1,"1,305"
W06791PAPP0,W04181PNOD2,2
W06791PAPP0,W04197PAPP0,418
W06791PAPP0,W05004PNOD1,55
W06791PAPP0,W05004PNOD2,460
W06791PAPP0,W05010PAPP0,1
W06791PAPP0,W05011PAPP0,2
W06791PAPP0,W05012PAPP0,251
W06791PAPP0,W05013PAPP0,605
W06791PAPP0,W05049PBKP0,2
W06791PAPP0,W05053PNOD1,378
W06791PAPP0,W05053PNOD2,1
W06791PAPP0,W05054PNOD1,483
W06791PAPP0,W05054PNOD2,437
W06791PAPP0,W05115PNOD1,493
W06791PAPP0,W05115PNOD2,2
W06791PAPP0,W05115PNOD3,436
W06791PAPP0,W05117PAPP0,415
W06791PAPP0,W05142PAPP0,5
W06791PAPP0,W05169PAPP0,359
W06791PAPP0,W05176PSQL0,4
W06791PAPP0,W05219PAPP0,257
W06791PAPP0,W05247PNOD1,437
W06791PAPP0,W05247PNOD2,341
W06791PAPP0,W05250PAPP0,379
W06791PAPP0,W05251PAPP0,258
W06791PAPP0,W05262PAPP0,1
W06791PAPP0,W05263PAPP0,315
W06791PAPP0,W05359PCXW0,1
W06791PAPP0,W05360PCXW0,1
W06791PAPP0,W05416PPSC0,2
W06791PAPP0,W05427PCXW0,2
W06791PAPP0,W05684PAPP0,301
W06791PAPP0,W05685PAPP0,1
W06791PAPP0,W05686PNOD1,575
W06791PAPP0,W05686PNOD2,403
W06791PAPP0,W05691PAPP0,7
W06791PAPP0,W05781PAPP0,420
W06791PAPP0,W05782PAPP0,2
W06791PAPP0,W05871PAPP0,3
W06791PAPP0,W05895PSQL0,374
W06791PAPP0,W05911PCXW0,424
W06791PAPP0,W05912PCXW0,378
W06791PAPP0,W05935PAPP0,381
W06791PAPP0,W05986PAPP0,337
W06791PAPP0,W06178PFLE0,384
W06791PAPP0,W06307PSQL0,311
W06791PAPP0,W06353PCXW0,2
W06791PAPP0,W06445PNCE0,410
W06791PAPP0,W06448PSQL0,437
W06791PAPP0,W06449PNCE0,503
W06791PAPP0,W06450PNCE0,402
W06791PAPP0,W06451PNCE0,1
W06791PAPP0,W06532PAPP0,3
W06791PAPP0,W06545PNOD1,227
W06791PAPP0,W06545PNOD2,219
W06791PAPP0,W06559PAPP0,1
W06791PAPP0,W06682EAPP0,1
W06791PAPP0,W06761PSQL0,4
W06793QAPP0,W05416PPSC0,2
W06793QAPP0,W05691PAPP0,6
Weblogic-12-Auto,W03900PMBX0,24
Weblogic-12-Auto_0000000002,W03900PMBX0,14