Row Labels;Sum of weight
BTG;1858
L03331PAPP01;1858
EbMl-env;26
W03900PMBX0;26
EbMl-env_0000000002;7
W03900PMBX0;7
EbObol-env;2
W03900PMBX0;2
EbObol-env_0000000002;2
W03900PMBX0;2
EbtWeb-env;8
W03900PMBX0;8
EbtWeb-env_0000000002;9
W03900PMBX0;9
FW_ZONE_B2;244
W00571PAPP0;244
FW_ZONE_D2;263
W00572PAPP0;263
L02427PAPP0;1
W03900PMBX0;1
L02633PAPP0;1130
L02694PAPP0;2
L02701PAPP0;3
L03074PAPP0;4
L03331PAPP01;2
L03455PAPP0;3
L04014PAPP0;1
L04067PAPP0;1
L04134PAPP0;1
L04160PAPP0;2
L05374PORA0;1
L05528PNOD1;8
L05528PNOD2;6
L05820PAPP0;2
L05918PAPP0;2
L05984PSQL0;1
L05997PORA0;7
L05998PORA0;8
L06023PAPPO;2
L06036PAPP0;3
L06100PAPP0;3
L06284PAPP0;4
L06387PAPP0;40
L06392PAPP0;1
L06514PAPP0;3
NSCL116PNMG;2
NSCL139PAPP;1
NSCL169PFAP;1
W00571PAPP0;1
W00875DFLE0;1
W00928PFLE0;2
W01345PAPP0;1
W01605PAPP0;51
W01608PNOD1;2
W01725UAPP0;1
W02130PAPP0;2
W02283PAPP0;1
W02369PAPP0;1
W02475PAPP0;1
W02476PAPP0;2
W02509PAPP0;1
W02510PAPP1;2
W02763PAPP1;1
W02764PNOD2;5
W02764PNOD3;2
W02824PAPP0;5
W02825PNOD1;5
W02825PNOD2;1
W02894QNOD1;2
W02894QNOD2;8
W02896QAPP0;1
W02952QNOD1;2
W02954QAPP0;2
W02975PAPP0;2
W03014PAPP0;7
W03022PNOD1;6
W03022PNOD2;4
W03060PAPP0;1
W03066UAPP0;1
W03072USQL0;2
W03073PNOD1;7
W03095PNOD1;7
W03095PNOD2;3
W03097PAPP0;187
W03108QAPP0;2
W03110QNOD1;1
W03125DAPP0;1
W03156PNOD1;1
W03156PNOD2;6
W03158PAPP0;243
W03191DNOD2;6
W03328PSQL0;2
W03330DAPP0;5
W03453PNOD1;10
W03453PNOD2;6
W03866QNOD1;14
W03869PNOD1;6
W03869PNOD2;2
W03900PMBX0;54
W04013PSQL0;1
W04158PAPP0;1
W04181PNOD1;11
W04181PNOD2;6
W04197PAPP0;1
W04227QAPP0;1
W04228QSQL0;1
W04238QNOD1;7
W04251QNOD1;1
W04251QNOD2;1
W05004PNOD1;5
W05010PAPP0;1
W05012PAPP0;1
W05013PAPP0;1
W05049PBKP0;1
W05053PNOD1;16
W05053PNOD2;1
W05054PNOD1;20
W05093QAPP0;1
W05094QNOD1;13
W05094QNOD2;1
W05095QNOD2;39
W05115PNOD1;1
W05115PNOD2;6
W05245QNOD2;26
W05247PNOD1;1
W05247PNOD2;4
W05251PAPP0;1
W05263PAPP0;1
W05359PCXW0;108
W05360PCXW0;1
W05416PPSC0;1
W05581QSQL0;1
W05639QNOD1;1
W05640QAPP0;1
W05641QAPP0;2
W05686PNOD1;15
W05782PAPP0;1
W05815QAPP0;1
W05816QSQL0;1
W05934QAPP0;1
W05986PAPP0;1
W06064QAPP0;1
W06065QAPP0;1
W06178PFLE0;1
W06297QNOD1;1
W06297QNOD2;1
W06451PNCE0;1
W06545PNOD1;15
L02694PAPP0;2475
L05528PNOD1;304
L05528PNOD2;103
L05997PORA0;103
NSCL169PFAP;405
W00707PFLE0;344
W02764PNOD2;13
W03095PNOD1;340
W03900PMBX0;724
W05004PNOD1;132
W05686PNOD1;7
L02701PAPP0;991
NSCL169PFAP;367
W00707PFLE0;314
W03095PNOD1;310
L04011PAPP0;1281
W03900PMBX0;1281
L04067PAPP0;950
W00707PFLE0;352
Weblogic-12-Auto;357
Weblogic-12-Auto_0000000002;241
L04160PAPP0;14
W02872PAPP0;14
L05374PORA0;4
L05528PNOD1;2
L05528PNOD2;2
L05528PNOD1;6289
L05374PORA0;1473
L05528PNOD1;3650
L05528PNOD2;1069
W03900PMBX0;97
L05528PNOD2;5743
L05374PORA0;1308
L05528PNOD1;2315
L05528PNOD2;1727
L05997PORA0;300
W03900PMBX0;93
L05820PAPP0;803
L05997PORA0;467
W00707PFLE0;336
L05997PORA0;2485
L05998PORA0;2485
L05998PORA0;4
L05997PORA0;4
L06036PAPP0;2213
L05528PNOD1;919
L05528PNOD2;979
W03022PNOD1;315
Ml-UAT-env;1
L04011PAPP0;1
NSCL047PMBX;81
NSCL169PFAP;2
W00707PFLE0;79
NSCL114DWSS;9
NSCL169PFAP;2
W00707PFLE0;2
W00928PFLE0;1
W05691PAPP0;3
W06178PFLE0;1
NSCL115PNMG;1904
NSCL116PNMG;1620
W05691PAPP0;2
W06791PAPP0;282
NSCL116PNMG;264
W06791PAPP0;264
NSCL138PAPP;3638
L05528PNOD1;1622
L05528PNOD2;1279
L05827PAPP0;2
L06036PAPP0;24
NSCL169PFAP;2
W00707PFLE0;18
W02764PNOD2;545
W02825PNOD1;3
W03900PMBX0;17
W04181PNOD1;126
NSCL139PAPP;3742
L05528PNOD1;1300
L05528PNOD2;1383
L05827PAPP0;4
L06036PAPP0;14
NSCL169PFAP;3
W00707PFLE0;14
W02764PNOD2;583
W02825PNOD1;3
W03900PMBX0;21
W04181PNOD1;8
W05691PAPP0;2
W06791PAPP0;407
NSCL169PFAP;389
W00707PFLE0;5
W06791PAPP0;384
S03018PAPP0;24202
S03019PAPP0;24202
S03019PAPP0;23755
S03018PAPP0;23755
TEM-VDI-WIN11;154
NSCL169PFAP;9
VDI-CL-TI-0024;58
VDI-CL-TI-0037;59
VDI-CL-TI-0062;9
W00707PFLE0;9
W05416PPSC0;10
TEMPBCM-W2K16S;3
W05416PPSC0;3
TEMPLATE-TIT-2K;168
W05416PPSC0;2
W06791PAPP0;166
VDI-CL-TI-0024;5974
TEM-VDI-WIN11;37
VDI-CL-TI-0037;8
VDI-CL-TI-0062;2
W00875DFLE0;223
W02763PAPP1;11
W02820DAPP0;315
W03209DAPP0;350
W03210DSQL0;3254
W03211DSQL0;33
W03212DAPP0;10
W03537QSQL0;1055
W03804QAPP0;10
W05262PAPP0;3
W05691PAPP0;3
W05911PCXW0;196
W05912PCXW0;144
W06791PAPP0;320
VDI-CL-TI-0037;980
L05997PORA0;3
NSCL047PMBX;3
NSCL169PFAP;276
TEM-VDI-WIN11;26
VDI-CL-TI-0024;3
VDI-CL-TI-0062;13
W00707PFLE0;223
W02764PNOD2;33
W05895PSQL0;3
W06791PAPP0;397
VDI-CL-TI-0062;729
TEM-VDI-WIN11;29
VDI-CL-TI-0024;3
VDI-CL-TI-0037;12
W05262PAPP0;1
W05912PCXW0;251
W06791PAPP0;433
W00571PAPP0;272730
BTG;24
EC2-Apache-Prod;2
FW_ZONE_B2;1
FW_ZONE_D2;2
L02427PAPP0;7
L02633PAPP0;31
L02694PAPP0;4
L02701PAPP0;3
L03074PAPP0;12
L03075PAPP0;2
L03087PAPP0;4
L03331PAPP01;1
L03455PAPP0;4
L03456PAPP0;3
L04014PAPP0;2
L04067PAPP0;5
L04134PAPP0;17
L04160PAPP0;1
L05113PAPP0;1
L05463PAPP0;8
L05526PAPP0;5
L05528PNOD1;10
L05528PNOD2;7
L05820PAPP0;4
L05827PAPP0;3
L05918PAPP0;2
L05984PSQL0;3
L05997PORA0;2
L05998PORA0;2
L06023PAPPO;1
L06036PAPP0;2
L06100PAPP0;1
L06284PAPP0;2
L06326PAPP0;134
L06387PAPP0;1
L06392PAPP0;1
L06514PAPP0;2
L06689EAPP0;1
L06780PAPP0;1
NSCL047PMBX;341
NSCL114DWSS;358
NSCL115PNMG;56
NSCL116PNMG;300
NSCL138PAPP;148
NSCL139PAPP;232
NSCL169PFAP;277
S02969PAPP0;3
S03018PAPP0;1
S03019PAPP0;2
TEM-VDI-WIN11;268
TEMPBCM-W2K16S;149
TEMPLATE-TIT-2K;239
VDI-CL-TI-0024;20
VDI-CL-TI-0037;102
VDI-CL-TI-0062;203
W00707PFLE0;302
W00708PAPP0;648
W00875DFLE0;15705
W00928PFLE0;204
W01345PAPP0;368
W01605PAPP0;40
W01608PNOD1;92
W01725UAPP0;463
W02129PAPP0;382
W02130PAPP0;342
W02283PAPP0;765
W02369PAPP0;46
W02475PAPP0;166
W02476PAPP0;246
W02509PAPP0;436
W02510PAPP1;379
W02561PAPP0;484
W02762PAPP2;16098
W02763PAPP1;222
W02763PAPP2;288
W02764PNOD2;258
W02764PNOD3;508
W02765PSQL0;4241
W02820DAPP0;12636
W02821DSQL0;9144
W02823PAPP0;271
W02824PAPP0;336
W02825PNOD1;431
W02825PNOD2;318
W02856DAPP0;5858
W02857PAPP0;107
W02894QNOD1;272
W02894QNOD2;307
W02897UAPP0;171
W02952QNOD1;407
W02952QNOD2;867
W02953QAPP0;707
W02954QAPP0;659
W02957EAPP0;40
W02962PAPP0;324
W02975PAPP0;10
W03022PNOD1;23
W03022PNOD2;85
W03060PAPP0;393
W03066UAPP0;236
W03070UAPP0;394
W03072USQL0;346
W03073PNOD1;293
W03073PNOD2;254
W03095PNOD1;39
W03095PNOD2;384
W03096PAPP0;442
W03097PAPP0;279
W03107QAPP0;664
W03108QAPP0;517
W03110QNOD1;363
W03110QNOD2;321
W03125DAPP0;8743
W03126DSQL0;7384
W03139PAPP0;245
W03156PNOD1;253
W03156PNOD2;342
W03158PAPP0;251
W03190DAPP0;4745
W03191DNOD1;7881
W03191DNOD2;27221
W03209DAPP0;325
W03210DSQL0;576
W03211DSQL0;9211
W03212DAPP0;10168
W03328PSQL0;547
W03330DAPP0;4133
W03351DAPP0;6646
W03453PNOD1;341
W03453PNOD2;264
W03537QSQL0;665
W03804QAPP0;379
W03807PAPP0;365
W03866QNOD1;1167
W03866QNOD2;1272
W03869PNOD1;542
W03869PNOD2;60
W03898PMON0;447
W03900PMBX0;10
W03926PAPP0;328
W04013PSQL0;554
W04042QAPP0;219
W04048QAPP0;215
W04049PAPP0;22
W04050PAPP0;41
W04051PAPP0;346
W04150PSQL0;318
W04158PAPP0;256
W04165PAPP0;904
W04181PNOD1;510
W04181PNOD2;668
W04197PAPP0;409
W04228QSQL0;703
W04238QNOD1;509
W04238QNOD2;498
W04251QNOD1;806
W04251QNOD2;507
W05004PNOD2;632
W05010PAPP0;433
W05011PAPP0;437
W05012PAPP0;218
W05013PAPP0;712
W05015QAPP0;266
W05049PBKP0;516
W05053PNOD1;111
W05053PNOD2;537
W05054PNOD1;868
W05054PNOD2;579
W05093QAPP0;169
W05094QNOD1;460
W05094QNOD2;457
W05095QNOD1;496
W05095QNOD2;557
W05115PNOD1;273
W05115PNOD2;787
W05115PNOD3;344
W05117PAPP0;153
W05120QAPP0;329
W05142PAPP0;351
W05160PAPP0;403
W05169PAPP0;575
W05176PSQL0;610
W05219PAPP0;488
W05245QNOD1;425
W05245QNOD2;521
W05247PNOD1;623
W05247PNOD2;358
W05248QAPP0;226
W05249QAPP0;510
W05250PAPP0;508
W05251PAPP0;288
W05262PAPP0;648
W05263PAPP0;441
W05359PCXW0;1974
W05360PCXW0;1637
W05416PPSC0;289
W05427PCXW0;1924
W05461DAPP0;6138
W05462DSQL0;6094
W05580QAPP0;518
W05581QSQL0;577
W05639QNOD1;207
W05639QNOD2;279
W05640QAPP0;649
W05641QAPP0;728
W05684PAPP0;444
W05685PAPP0;356
W05686PNOD1;629
W05686PNOD2;586
W05730DAPP0;8083
W05731DSQL0;5115
W05780QAPP0;987
W05781PAPP0;391
W05782PAPP0;288
W05815QAPP0;588
W05816QSQL0;510
W05859QAPP0;179
W05871PAPP0;718
W05888QAPP0;633
W05889QAPP0;653
W05892QAPP0;640
W05895PSQL0;558
W05911PCXW0;1512
W05912PCXW0;1497
W05917DSQL0;9622
W05934QAPP0;116
W05935PAPP0;514
W05986PAPP0;476
W06064QAPP0;269
W06065QAPP0;292
W06178PFLE0;553
W06254QAPP0;492
W06255QSQL0;411
W06297QNOD1;494
W06297QNOD2;299
W06307PSQL0;476
W06353PCXW0;499
W06423QSQL0;531
W06445PNCE0;344
W06448PSQL0;388
W06449PNCE0;524
W06450PNCE0;414
W06451PNCE0;425
W06532PAPP0;500
W06545PNOD1;2318
W06545PNOD2;345
W06559PAPP0;452
W06625QAPP0;597
W06626QAPP0;379
W06627QNOD1;673
W06627QNOD2;738
W06682EAPP0;598
W06761PSQL0;542
W06779QAPP0;762
W06791PAPP0;373
Weblogic-12-Auto;3
Weblogic-12-Auto_0000000002;1
WP-BTGChile-L2023_0000000003;26
W00572PAPP0;227557
BTG;25
EC2-Apache-Prod;1
FW_ZONE_B2;3
FW_ZONE_D2;2
L02427PAPP0;4
L02633PAPP0;39
L02694PAPP0;4
L02701PAPP0;7
L03021PAPP0;1
L03074PAPP0;11
L03075PAPP0;1
L03087PAPP0;4
L03331PAPP01;2
L03455PAPP0;7
L03456PAPP0;3
L04014PAPP0;3
L04067PAPP0;9
L04134PAPP0;16
L04160PAPP0;1
L05112PAPP0;2
L05113PAPP0;2
L05374PORA0;2
L05463PAPP0;9
L05526PAPP0;3
L05528PNOD1;11
L05528PNOD2;10
L05820PAPP0;3
L05827PAPP0;4
L05918PAPP0;2
L05984PSQL0;2
L05997PORA0;3
L05998PORA0;3
L06023PAPPO;1
L06036PAPP0;3
L06100PAPP0;3
L06284PAPP0;2
L06326PAPP0;184
L06387PAPP0;1
L06392PAPP0;1
L06514PAPP0;2
L06689EAPP0;1
L06780PAPP0;1
NSCL047PMBX;336
NSCL114DWSS;197
NSCL115PNMG;64
NSCL116PNMG;294
NSCL138PAPP;127
NSCL139PAPP;223
NSCL169PFAP;269
S02969PAPP0;5
S03018PAPP0;1
S03019PAPP0;2
TEM-VDI-WIN11;140
TEMPBCM-W2K16S;164
TEMPLATE-TIT-2K;113
VDI-CL-TI-0024;7
VDI-CL-TI-0037;72
VDI-CL-TI-0062;76
W00571PAPP0;45
W00707PFLE0;260
W00708PAPP0;337
W00875DFLE0;14712
W00928PFLE0;187
W01345PAPP0;343
W01605PAPP0;30
W01608PNOD1;77
W01725UAPP0;414
W02129PAPP0;357
W02130PAPP0;346
W02283PAPP0;576
W02369PAPP0;33
W02475PAPP0;127
W02476PAPP0;245
W02509PAPP0;195
W02510PAPP1;360
W02561PAPP0;979
W02762PAPP2;14712
W02763PAPP1;170
W02763PAPP2;263
W02764PNOD2;293
W02764PNOD3;198
W02765PSQL0;4055
W02820DAPP0;11729
W02821DSQL0;8365
W02823PAPP0;305
W02824PAPP0;326
W02825PNOD1;384
W02825PNOD2;277
W02856DAPP0;5449
W02857PAPP0;102
W02894QNOD1;254
W02894QNOD2;286
W02897UAPP0;161
W02952QNOD1;385
W02952QNOD2;895
W02953QAPP0;622
W02954QAPP0;630
W02957EAPP0;48
W02962PAPP0;282
W02975PAPP0;9
W03022PNOD1;25
W03022PNOD2;99
W03060PAPP0;366
W03066UAPP0;190
W03070UAPP0;384
W03072USQL0;317
W03073PNOD1;278
W03073PNOD2;244
W03095PNOD1;34
W03095PNOD2;338
W03096PAPP0;207
W03097PAPP0;322
W03107QAPP0;574
W03108QAPP0;440
W03110QNOD1;350
W03110QNOD2;350
W03125DAPP0;8369
W03126DSQL0;7258
W03139PAPP0;218
W03156PNOD1;178
W03156PNOD2;346
W03158PAPP0;211
W03190DAPP0;4687
W03191DNOD1;7515
W03191DNOD2;26159
W03209DAPP0;334
W03210DSQL0;301
W03211DSQL0;8477
W03212DAPP0;9556
W03328PSQL0;318
W03330DAPP0;3801
W03351DAPP0;6216
W03453PNOD1;323
W03453PNOD2;248
W03537QSQL0;286
W03804QAPP0;175
W03807PAPP0;175
W03866QNOD1;588
W03866QNOD2;662
W03869PNOD1;284
W03869PNOD2;19
W03898PMON0;246
W03900PMBX0;6
W03926PAPP0;154
W04013PSQL0;310
W04042QAPP0;90
W04048QAPP0;108
W04049PAPP0;5
W04050PAPP0;27
W04051PAPP0;186
W04150PSQL0;176
W04158PAPP0;231
W04165PAPP0;423
W04181PNOD1;264
W04181PNOD2;375
W04197PAPP0;194
W04228QSQL0;327
W04238QNOD1;248
W04238QNOD2;242
W04251QNOD1;417
W04251QNOD2;270
W05004PNOD2;275
W05010PAPP0;217
W05011PAPP0;220
W05012PAPP0;231
W05013PAPP0;356
W05015QAPP0;242
W05049PBKP0;251
W05053PNOD1;57
W05053PNOD2;267
W05054PNOD1;431
W05054PNOD2;320
W05093QAPP0;134
W05094QNOD1;242
W05094QNOD2;241
W05095QNOD1;297
W05095QNOD2;268
W05115PNOD1;135
W05115PNOD2;335
W05115PNOD3;173
W05117PAPP0;75
W05120QAPP0;277
W05142PAPP0;236
W05160PAPP0;160
W05169PAPP0;338
W05176PSQL0;371
W05219PAPP0;231
W05245QNOD1;236
W05245QNOD2;263
W05247PNOD1;344
W05247PNOD2;247
W05248QAPP0;112
W05249QAPP0;259
W05250PAPP0;252
W05251PAPP0;150
W05262PAPP0;363
W05263PAPP0;249
W05359PCXW0;940
W05360PCXW0;803
W05416PPSC0;110
W05427PCXW0;925
W05461DAPP0;5573
W05462DSQL0;5655
W05580QAPP0;278
W05581QSQL0;261
W05639QNOD1;112
W05639QNOD2;211
W05640QAPP0;297
W05641QAPP0;377
W05684PAPP0;196
W05685PAPP0;227
W05686PNOD1;372
W05686PNOD2;270
W05691PAPP0;3
W05730DAPP0;7505
W05731DSQL0;4711
W05780QAPP0;542
W05781PAPP0;157
W05782PAPP0;142
W05815QAPP0;266
W05816QSQL0;248
W05859QAPP0;218
W05871PAPP0;360
W05888QAPP0;346
W05889QAPP0;295
W05892QAPP0;278
W05895PSQL0;299
W05911PCXW0;811
W05912PCXW0;783
W05917DSQL0;8632
W05934QAPP0;73
W05935PAPP0;241
W05986PAPP0;252
W06064QAPP0;258
W06065QAPP0;331
W06178PFLE0;323
W06254QAPP0;283
W06255QSQL0;177
W06297QNOD1;217
W06297QNOD2;156
W06307PSQL0;267
W06353PCXW0;261
W06423QSQL0;266
W06445PNCE0;200
W06448PSQL0;216
W06449PNCE0;252
W06450PNCE0;212
W06451PNCE0;166
W06532PAPP0;269
W06545PNOD1;1123
W06545PNOD2;221
W06559PAPP0;177
W06625QAPP0;269
W06626QAPP0;308
W06627QNOD1;337
W06627QNOD2;308
W06682EAPP0;222
W06761PSQL0;332
W06779QAPP0;367
W06791PAPP0;557
Weblogic-12-Auto_0000000002;6
WP-BTGChile-L2023_0000000003;20
W00707PFLE0;1662
NSCL169PFAP;8
W00928PFLE0;1654
W00708PAPP0;400
W06791PAPP0;400
W00875DFLE0;2
W05691PAPP0;2
W00928PFLE0;340
NSCL169PFAP;11
W00707PFLE0;329
W01345PAPP0;389
W06791PAPP0;389
W01605PAPP0;15865
NSCL169PFAP;47
W01608PNOD1;15818
W01606PAPP0;1966
L05528PNOD1;4
L05528PNOD2;3
W01605PAPP0;792
W01608PNOD1;1164
W03900PMBX0;3
W01608PNOD1;1026
L05528PNOD1;124
L05528PNOD2;144
W00707PFLE0;323
W06791PAPP0;435
W01725UAPP0;19
NSCL169PFAP;1
W00707PFLE0;2
W00928PFLE0;1
W05691PAPP0;9
W06178PFLE0;6
W02475PAPP0;120
L05528PNOD1;71
L05528PNOD2;49
W02476PAPP0;478
L05528PNOD1;128
L05528PNOD2;69
W06791PAPP0;281
W02509PAPP0;6099
W00707PFLE0;1
W05691PAPP0;3
W06545PNOD1;5745
W06791PAPP0;350
W02510PAPP1;5685
W02509PAPP0;24
W05691PAPP0;3
W06545PNOD1;5658
W02561PAPP0;429
W00571PAPP0;208
W00572PAPP0;218
W03900PMBX0;3
W02763PAPP1;3242
NSCL169PFAP;2
W00707PFLE0;3
W02764PNOD2;2715
W03900PMBX0;224
W05053PNOD1;1
W05416PPSC0;2
W05691PAPP0;5
W06791PAPP0;290
W02763PAPP2;4714
NSCL169PFAP;1
W00707PFLE0;3
W02763PAPP1;1
W02764PNOD2;4104
W03900PMBX0;124
W05053PNOD1;3
W05691PAPP0;5
W06791PAPP0;473
W02764PNOD2;2172
L05528PNOD1;6
L05528PNOD2;4
W02764PNOD2;1087
W02764PNOD3;1043
W02894QNOD2;1
W03210DSQL0;13
W03211DSQL0;2
W03537QSQL0;1
W03900PMBX0;5
W05247PNOD2;1
W05686PNOD1;6
W06307PSQL0;3
W02764PNOD3;451
W02764PNOD2;4
W02764PNOD3;3
W03900PMBX0;1
W06791PAPP0;443
W02823PAPP0;185
L05528PNOD1;82
L05528PNOD2;92
W02825PNOD1;11
W02824PAPP0;476
W05691PAPP0;3
W06791PAPP0;473
W02825PNOD1;3921
W02765PSQL0;1
W02823PAPP0;15
W02825PNOD1;3905
W02825PNOD2;4
W02825PNOD1;4
W02857PAPP0;445
L03087PAPP0;341
W00707PFLE0;11
W02975PAPP0;1
W03212DAPP0;4
W03804QAPP0;1
W03900PMBX0;1
W04048QAPP0;4
W04049PAPP0;17
W04050PAPP0;19
W04051PAPP0;10
W05640QAPP0;2
W05641QAPP0;4
W05691PAPP0;1
W05730DAPP0;4
W05888QAPP0;14
W05889QAPP0;11
W02872PAPP0;485
L04160PAPP0;3
W05691PAPP0;2
W06791PAPP0;480
W02894QNOD1;7
W05691PAPP0;7
W02894QNOD2;11
W05691PAPP0;11
W02895QAPP0;1
W05691PAPP0;1
W02896QAPP0;1
W05691PAPP0;1
W02897UAPP0;8
W05691PAPP0;8
W02952QNOD1;25
W05691PAPP0;25
W02952QNOD2;14
W05691PAPP0;14
W02954QAPP0;8
W05691PAPP0;8
W02957EAPP0;9818
NSCL169PFAP;1
S02969PAPP0;9389
W00707PFLE0;3
W05416PPSC0;7
W05639QNOD1;7
W05691PAPP0;4
W06791PAPP0;407
W02975PAPP0;405
NSCL047PMBX;7
NSCL169PFAP;63
W00707PFLE0;326
W03900PMBX0;5
W05691PAPP0;4
W03014PAPP0;12323
L03074PAPP0;1120
L03075PAPP0;8248
L05528PNOD1;416
L05528PNOD2;214
W00707PFLE0;335
W03015PAPP0;487
W03073PNOD1;1062
W05686PNOD1;441
W03015PAPP0;4265
L03074PAPP0;777
L03075PAPP0;1554
NSCL169PFAP;7
W00707PFLE0;341
W03014PAPP0;4
W03022PNOD1;378
W03073PNOD1;716
W05691PAPP0;3
W06791PAPP0;485
W03022PNOD1;14889
NSCL169PFAP;1
S03018PAPP0;1823
S03019PAPP0;1810
W00707PFLE0;343
W03022PNOD1;5664
W03022PNOD2;5248
W03022PNOD2;4441
NSCL169PFAP;1
W00707PFLE0;337
W03022PNOD1;2444
W03022PNOD2;1657
W05691PAPP0;2
W03059PAPP0;340
NSCL169PFAP;5
W00707PFLE0;335
W03060PAPP0;481
W06791PAPP0;481
W03066UAPP0;14
W05691PAPP0;14
W03072USQL0;7
W05691PAPP0;7
W03073PNOD1;3200
W03073PNOD1;3200
W03073PNOD2;1
W03073PNOD1;1
W03095PNOD1;3916
W03095PNOD1;3428
W03095PNOD2;170
W06791PAPP0;318
W03095PNOD2;3469
W03095PNOD1;1
W03095PNOD2;2987
W05691PAPP0;2
W06791PAPP0;479
W03096PAPP0;4082
W03095PNOD1;3588
W05691PAPP0;3
W06791PAPP0;491
W03097PAPP0;267
W03095PNOD1;264
W05691PAPP0;3
W03107QAPP0;6
W05691PAPP0;6
W03108QAPP0;10
W05691PAPP0;10
W03110QNOD1;8
W05416PPSC0;2
W05691PAPP0;6
W03110QNOD2;16
W05416PPSC0;3
W05691PAPP0;13
W03139PAPP0;5709
W02764PNOD2;1519
W03900PMBX0;1
W05054PNOD1;1481
W05247PNOD2;1317
W05686PNOD1;1391
W03156PNOD1;641
W03156PNOD1;314
W05691PAPP0;1
W06791PAPP0;326
W03156PNOD2;2938
W03156PNOD2;2525
W06791PAPP0;413
W03157PAPP0;981
L05528PNOD1;69
L05528PNOD2;117
W03156PNOD1;16
W03158PAPP0;721
W03900PMBX0;54
W05011PAPP0;2
W05691PAPP0;2
W03158PAPP0;1733
L05528PNOD2;2
W03156PNOD1;1708
W03157PAPP0;23
W03209DAPP0;3
W00707PFLE0;1
W05691PAPP0;2
W03210DSQL0;13
W05691PAPP0;13
W03212DAPP0;1
L04011PAPP0;1
W03453PNOD1;3414
W03453PNOD1;2669
W03453PNOD2;317
W06791PAPP0;428
W03453PNOD2;557
W03453PNOD1;2
W03453PNOD2;552
W05691PAPP0;3
W03537QSQL0;2
W05691PAPP0;2
W03807PAPP0;247
W03900PMBX0;2
W05691PAPP0;2
W06791PAPP0;243
W03866QNOD1;71
NSCL169PFAP;11
W00707PFLE0;10
W00928PFLE0;7
W05691PAPP0;23
W06178PFLE0;20
W03866QNOD2;15
W05691PAPP0;15
W03869PNOD1;2662
W03869PNOD1;2659
W05691PAPP0;3
W03869PNOD2;464
W00707PFLE0;6
W03869PNOD1;1
W03869PNOD2;449
W04051PAPP0;1
W05691PAPP0;7
W03900PMBX0;2447
L04134PAPP0;2075
W05691PAPP0;2
W06791PAPP0;370
W03926PAPP0;1402
L05528PNOD1;370
L05528PNOD2;192
W01608PNOD1;784
W02764PNOD2;6
W04150PSQL0;43
W05686PNOD1;7
W04009PAPP0;4312
L05528PNOD1;1000
L05528PNOD2;957
W01608PNOD1;6
W02764PNOD2;7
W02825PNOD1;6
W03869PNOD2;3
W03900PMBX0;25
W04013PSQL0;2308
W04013PSQL0;260
W06791PAPP0;260
W04048QAPP0;18
L04011PAPP0;2
NSCL169PFAP;4
W00707PFLE0;4
W00928PFLE0;1
W05691PAPP0;6
W06178PFLE0;1
W04049PAPP0;5267
L05528PNOD1;2767
L05528PNOD2;1153
NSCL138PAPP;116
NSCL139PAPP;9
NSCL169PFAP;7
W00707PFLE0;82
W01608PNOD1;3
W02764PNOD2;30
W02823PAPP0;3
W02825PNOD1;16
W03095PNOD1;1
W03158PAPP0;26
W03453PNOD2;646
W03869PNOD2;253
W03900PMBX0;50
W04009PAPP0;2
W04048QAPP0;5
W04051PAPP0;1
W04150PSQL0;12
W05176PSQL0;8
W05247PNOD2;3
W05686PNOD1;17
W06559PAPP0;57
W04050PAPP0;4908
L05528PNOD1;1816
L05528PNOD2;1992
NSCL138PAPP;58
NSCL139PAPP;2
NSCL169PFAP;49
W00707PFLE0;111
W01608PNOD1;3
W02764PNOD2;42
W02823PAPP0;3
W02825PNOD1;21
W03158PAPP0;1
W03869PNOD2;254
W03900PMBX0;48
W04009PAPP0;5
W04049PAPP0;8
W04051PAPP0;4
W04150PSQL0;8
W05247PNOD2;3
W05686PNOD1;20
W05691PAPP0;4
W06559PAPP0;51
W06791PAPP0;405
W04051PAPP0;790
L05528PNOD1;169
L05528PNOD2;210
NSCL169PFAP;4
W00707PFLE0;30
W02764PNOD2;3
W02825PNOD1;7
W03453PNOD2;334
W03869PNOD2;26
W03900PMBX0;7
W04150PSQL0;1791
L05528PNOD1;156
L05528PNOD2;225
W01608PNOD1;860
W02764PNOD2;147
W03900PMBX0;5
W05691PAPP0;1
W06791PAPP0;397
W04158PAPP0;840
L04160PAPP0;385
L05528PNOD1;3
L05528PNOD2;1
W02764PNOD2;2
W02825PNOD1;1
W02872PAPP0;6
W05142PAPP0;9
W05247PNOD2;2
W05686PNOD1;3
W05691PAPP0;1
W06791PAPP0;427
W04165PAPP0;382
W05691PAPP0;3
W06791PAPP0;379
W04181PNOD1;1236
W04181PNOD1;1229
W04181PNOD2;6
W05691PAPP0;1
W04181PNOD2;425
W04181PNOD1;2
W05691PAPP0;1
W06791PAPP0;422
W04227QAPP0;14
L04011PAPP0;3
W05691PAPP0;11
W04228QSQL0;8
W05691PAPP0;8
W04238QNOD1;7
W05691PAPP0;7
W04238QNOD2;1
W05691PAPP0;1
W04251QNOD1;5
W05691PAPP0;5
W04251QNOD2;10
W05691PAPP0;10
W05004PNOD1;72161
L02694PAPP0;78
L05528PNOD1;635
L05528PNOD2;463
L06392PAPP0;1
NSCL169PFAP;403
W00707PFLE0;696
W01608PNOD1;2
W02764PNOD2;73
W02825PNOD1;4
W03059PAPP0;114
W03095PNOD1;3
W03139PAPP0;6
W03453PNOD2;10
W03869PNOD2;24
W03900PMBX0;178
W04181PNOD1;53088
W05004PNOD1;14848
W05004PNOD2;415
W05054PNOD1;2
W05686PNOD1;99
W05895PSQL0;63
W06545PNOD1;285
W06791PAPP0;671
W05004PNOD2;10
W05004PNOD1;10
W05010PAPP0;321
L05528PNOD1;3
L05528PNOD2;2
W05691PAPP0;3
W06791PAPP0;313
W05011PAPP0;3348
L02701PAPP0;1
L05528PNOD1;104
L05528PNOD2;491
L06036PAPP0;20
L06284PAPP0;12
W02764PNOD2;1496
W02825PNOD1;52
W03157PAPP0;13
W03158PAPP0;12
W03210DSQL0;94
W03453PNOD2;28
W05004PNOD1;14
W05013PAPP0;2
W05015QAPP0;3
W05054PNOD1;213
W05247PNOD2;51
W05686PNOD1;225
W05691PAPP0;4
W06448PSQL0;5
W06451PNCE0;12
W06545PNOD1;220
W06791PAPP0;276
W05013PAPP0;1618
L02694PAPP0;3
L05528PNOD1;207
L05528PNOD2;94
L06036PAPP0;17
W02764PNOD2;969
W03157PAPP0;23
W05004PNOD1;20
W05011PAPP0;2
W05015QAPP0;23
W05247PNOD2;163
W05686PNOD1;97
W05015QAPP0;9
W05013PAPP0;4
W05169PAPP0;5
W05049PBKP0;328
W03900PMBX0;4
W05691PAPP0;4
W06791PAPP0;320
W05053PNOD1;17189
L05528PNOD1;259
L05528PNOD2;76
NSCL169PFAP;253
W02764PNOD2;178
W03900PMBX0;1
W05053PNOD1;2333
W05053PNOD2;6
W05054PNOD1;14083
W05053PNOD2;1088
W05054PNOD1;697
W06791PAPP0;391
W05054PNOD1;3430
W05054PNOD1;3425
W05054PNOD2;5
W05054PNOD2;3
W05054PNOD1;3
W05093QAPP0;10
W05691PAPP0;10
W05094QNOD1;1051
L04011PAPP0;1033
W05691PAPP0;18
W05094QNOD2;16
W05691PAPP0;16
W05095QNOD1;15
W05416PPSC0;5
W05691PAPP0;10
W05095QNOD2;7
W05691PAPP0;7
W05115PNOD1;13325
L05528PNOD1;672
L05528PNOD2;370
S03018PAPP0;5281
S03019PAPP0;5281
W00707PFLE0;125
W03022PNOD1;158
W05115PNOD1;1239
W05115PNOD2;160
W05115PNOD3;18
W05686PNOD1;21
W05115PNOD2;726
W00707PFLE0;3
W03022PNOD1;4
W05115PNOD1;199
W05115PNOD2;4
W05115PNOD3;40
W06791PAPP0;476
W05115PNOD3;140
W05115PNOD1;128
W05115PNOD2;12
W05120QAPP0;433
W05691PAPP0;14
W06545PNOD1;419
W05142PAPP0;20248
L04160PAPP0;3
W02872PAPP0;8
W03900PMBX0;8
W04181PNOD1;19730
W06791PAPP0;499
W05160PAPP0;9
W05691PAPP0;9
W05176PSQL0;470
W06791PAPP0;470
W05245QNOD1;12
W05691PAPP0;12
W05245QNOD2;13
W05691PAPP0;13
W05247PNOD1;3
W05691PAPP0;3
W05247PNOD2;568
NSCL169PFAP;1
W00707PFLE0;1
W05247PNOD1;173
W05247PNOD2;393
W05248QAPP0;11
W05691PAPP0;11
W05249QAPP0;12
W05691PAPP0;12
W05250PAPP0;420
W05247PNOD2;420
W05251PAPP0;514
W05247PNOD2;514
W05262PAPP0;363
W05691PAPP0;3
W06791PAPP0;360
W05263PAPP0;1
W05691PAPP0;1
W05359PCXW0;4591
W05262PAPP0;87
W05263PAPP0;92
W05360PCXW0;1735
W05691PAPP0;5
W05911PCXW0;1131
W05912PCXW0;1100
W06791PAPP0;441
W05360PCXW0;1841
W05262PAPP0;35
W05263PAPP0;65
W05359PCXW0;14
W05911PCXW0;737
W05912PCXW0;739
W06791PAPP0;251
W05416PPSC0;352
W06791PAPP0;352
W05427PCXW0;1407
W05911PCXW0;496
W05912PCXW0;499
W06545PNOD1;52
W06791PAPP0;360
W05461DAPP0;5
W05416PPSC0;3
W05691PAPP0;2
W05462DSQL0;4
W05691PAPP0;4
W05580QAPP0;293
L05528PNOD1;190
L05528PNOD2;95
W05691PAPP0;8
W05581QSQL0;9
W05691PAPP0;9
W05639QNOD1;17
W05691PAPP0;17
W05639QNOD2;12
W05691PAPP0;12
W05640QAPP0;11
W05691PAPP0;11
W05641QAPP0;10
W05691PAPP0;10
W05684PAPP0;11881
NSCL169PFAP;6
W00707PFLE0;4
W03900PMBX0;6
W05416PPSC0;3
W05686PNOD1;11859
W05691PAPP0;3
W05685PAPP0;12758
NSCL169PFAP;1
W00707PFLE0;2
W03900PMBX0;6
W05416PPSC0;3
W05686PNOD1;12381
W05691PAPP0;3
W06791PAPP0;362
W05686PNOD1;1530
L05528PNOD1;18
L05528PNOD2;17
W02894QNOD2;6
W03900PMBX0;9
W05639QNOD1;20
W05686PNOD1;1365
W05686PNOD2;92
W05691PAPP0;1
W05731DSQL0;2
W05691PAPP0;20492
EC2-Apache-Prod;4
L02694PAPP0;3
L02701PAPP0;3
L03021PAPP0;3
L03331PAPP01;4
L05827PAPP0;6
L05984PSQL0;5
L06036PAPP0;4
L06284PAPP0;2
L06326PAPP0;5
L06689EAPP0;3
NSCL047PMBX;82
NSCL114DWSS;66
NSCL115PNMG;74
NSCL116PNMG;64
NSCL138PAPP;72
NSCL139PAPP;78
NSCL169PFAP;56
S02969PAPP0;5
TEM-VDI-WIN11;48
TEMPBCM-W2K16S;63
TEMPLATE-TIT-2K;11
VDI-CL-TI-0024;64
VDI-CL-TI-0037;79
VDI-CL-TI-0062;71
W00571PAPP0;67
W00572PAPP0;66
W00707PFLE0;68
W00708PAPP0;86
W00875DFLE0;67
W00928PFLE0;78
W01345PAPP0;78
W01605PAPP0;69
W01606PAPP0;71
W01608PNOD1;82
W01725UAPP0;97
W02129PAPP0;84
W02130PAPP0;64
W02283PAPP0;68
W02369PAPP0;79
W02475PAPP0;67
W02476PAPP0;73
W02509PAPP0;74
W02510PAPP1;78
W02561PAPP0;77
W02762PAPP2;94
W02763PAPP1;22
W02763PAPP2;10
W02764PNOD2;108
W02764PNOD3;75
W02765PSQL0;53
W02820DAPP0;17
W02821DSQL0;75
W02823PAPP0;80
W02824PAPP0;79
W02825PNOD1;89
W02825PNOD2;74
W02856DAPP0;15
W02857PAPP0;69
W02872PAPP0;70
W02894QNOD1;119
W02894QNOD2;189
W02895QAPP0;108
W02896QAPP0;120
W02897UAPP0;103
W02952QNOD1;158
W02952QNOD2;109
W02953QAPP0;115
W02954QAPP0;83
W02957EAPP0;87
W02962PAPP0;85
W02975PAPP0;70
W03014PAPP0;108
W03015PAPP0;88
W03022PNOD1;98
W03022PNOD2;69
W03059PAPP0;91
W03060PAPP0;58
W03066UAPP0;102
W03070UAPP0;85
W03072USQL0;74
W03073PNOD1;101
W03073PNOD2;84
W03095PNOD1;82
W03095PNOD2;69
W03096PAPP0;63
W03097PAPP0;59
W03107QAPP0;84
W03108QAPP0;96
W03110QNOD1;127
W03110QNOD2;139
W03125DAPP0;20
W03126DSQL0;80
W03139PAPP0;81
W03156PNOD1;92
W03156PNOD2;85
W03157PAPP0;67
W03158PAPP0;67
W03190DAPP0;84
W03191DNOD1;83
W03191DNOD2;191
W03209DAPP0;137
W03210DSQL0;107
W03211DSQL0;76
W03212DAPP0;71
W03328PSQL0;77
W03330DAPP0;74
W03351DAPP0;71
W03453PNOD1;96
W03453PNOD2;96
W03537QSQL0;138
W03804QAPP0;131
W03807PAPP0;63
W03866QNOD1;153
W03866QNOD2;120
W03869PNOD1;83
W03869PNOD2;80
W03898PMON0;66
W03900PMBX0;64
W03926PAPP0;75
W04009PAPP0;1
W04013PSQL0;1
W04042QAPP0;121
W04048QAPP0;129
W04049PAPP0;57
W04050PAPP0;64
W04051PAPP0;64
W04150PSQL0;70
W04158PAPP0;71
W04165PAPP0;68
W04181PNOD1;97
W04181PNOD2;64
W04197PAPP0;72
W04227QAPP0;99
W04228QSQL0;95
W04238QNOD1;164
W04238QNOD2;137
W04251QNOD1;105
W04251QNOD2;143
W05004PNOD1;131
W05004PNOD2;81
W05010PAPP0;69
W05011PAPP0;62
W05012PAPP0;65
W05013PAPP0;75
W05015QAPP0;119
W05049PBKP0;65
W05053PNOD1;97
W05053PNOD2;82
W05054PNOD1;122
W05054PNOD2;89
W05093QAPP0;96
W05094QNOD1;187
W05094QNOD2;136
W05095QNOD1;129
W05095QNOD2;171
W05115PNOD1;97
W05115PNOD2;78
W05115PNOD3;115
W05117PAPP0;76
W05120QAPP0;139
W05142PAPP0;70
W05160PAPP0;144
W05169PAPP0;81
W05176PSQL0;77
W05219PAPP0;76
W05245QNOD1;143
W05245QNOD2;145
W05247PNOD1;68
W05247PNOD2;93
W05248QAPP0;116
W05249QAPP0;131
W05250PAPP0;78
W05251PAPP0;71
W05262PAPP0;67
W05263PAPP0;70
W05359PCXW0;78
W05360PCXW0;69
W05416PPSC0;66
W05427PCXW0;68
W05461DAPP0;81
W05462DSQL0;29
W05580QAPP0;128
W05581QSQL0;124
W05639QNOD1;146
W05639QNOD2;133
W05640QAPP0;132
W05641QAPP0;131
W05684PAPP0;63
W05685PAPP0;67
W05686PNOD1;92
W05686PNOD2;73
W05730DAPP0;98
W05731DSQL0;69
W05780QAPP0;120
W05781PAPP0;17
W05782PAPP0;22
W05815QAPP0;121
W05816QSQL0;125
W05859QAPP0;3
W05871PAPP0;74
W05888QAPP0;132
W05889QAPP0;127
W05892QAPP0;118
W05895PSQL0;69
W05911PCXW0;71
W05912PCXW0;90
W05917DSQL0;75
W05934QAPP0;152
W05935PAPP0;62
W05986PAPP0;90
W06064QAPP0;74
W06065QAPP0;129
W06178PFLE0;70
W06254QAPP0;116
W06255QSQL0;124
W06297QNOD1;124
W06297QNOD2;146
W06307PSQL0;72
W06353PCXW0;82
W06423QSQL0;72
W06445PNCE0;66
W06448PSQL0;66
W06449PNCE0;71
W06450PNCE0;67
W06451PNCE0;59
W06532PAPP0;74
W06545PNOD1;147
W06545PNOD2;84
W06559PAPP0;81
W06625QAPP0;128
W06626QAPP0;120
W06627QNOD1;93
W06627QNOD2;107
W06682EAPP0;91
W06761PSQL0;81
W06779QAPP0;132
W06791PAPP0;465
W06793QAPP0;134
Wordpress-Test;4
WP-BTGChile-L2023;4
WP-BTGChile-L2023_0000000003;4
WP-BTGChile-L2023_0000000004;4
WP-BTGChile-L2023_0000000005;4
W05731DSQL0;1
W05691PAPP0;1
W05780QAPP0;11
NSCL169PFAP;1
W00707PFLE0;3
W00928PFLE0;3
W05691PAPP0;1
W06178PFLE0;3
W05781PAPP0;904
L05528PNOD1;621
L05528PNOD2;240
W03869PNOD2;33
W06559PAPP0;10
W05782PAPP0;1298
L05528PNOD1;705
L05528PNOD2;201
W03869PNOD2;11
W06559PAPP0;8
W06791PAPP0;373
W05815QAPP0;12
W05691PAPP0;12
W05816QSQL0;8
W05691PAPP0;8
W05859QAPP0;4
W05416PPSC0;4
W05871PAPP0;622
L05528PNOD1;123
L05528PNOD2;124
W03900PMBX0;4
W06791PAPP0;371
W05888QAPP0;10
W05691PAPP0;10
W05889QAPP0;11
L04011PAPP0;3
W05691PAPP0;8
W05892QAPP0;12
W05691PAPP0;12
W05895PSQL0;295
L05528PNOD1;158
L05528PNOD2;137
W05911PCXW0;695
VDI-CL-TI-0024;4
W05912PCXW0;656
W06353PCXW0;35
W05912PCXW0;410
VDI-CL-TI-0024;2
VDI-CL-TI-0062;1
W05911PCXW0;402
W06353PCXW0;5
W05917DSQL0;6
W05416PPSC0;4
W05691PAPP0;2
W05934QAPP0;9
NSCL169PFAP;1
W00928PFLE0;2
W05691PAPP0;4
W06178PFLE0;2
W06064QAPP0;7
NSCL169PFAP;1
W00707PFLE0;1
W00928PFLE0;1
W05691PAPP0;2
W06178PFLE0;2
W06065QAPP0;11
NSCL169PFAP;2
W00707PFLE0;1
W00928PFLE0;1
W05691PAPP0;5
W06178PFLE0;2
W06178PFLE0;6
NSCL169PFAP;6
W06254QAPP0;14
W05691PAPP0;14
W06255QSQL0;12
W05691PAPP0;12
W06297QNOD1;13
W05691PAPP0;13
W06297QNOD2;17
W05691PAPP0;17
W06307PSQL0;267
W05049PBKP0;267
W06353PCXW0;978
NSCL169PFAP;1
W00707PFLE0;19
W02962PAPP0;51
W03158PAPP0;10
W05262PAPP0;15
W05263PAPP0;12
W05691PAPP0;5
W05911PCXW0;335
W05912PCXW0;90
W06791PAPP0;440
W06423QSQL0;3
W05416PPSC0;1
W05691PAPP0;2
W06445PNCE0;4125
W06448PSQL0;1300
W06449PNCE0;2825
W06448PSQL0;84
W05011PAPP0;1
W06449PNCE0;4
W06451PNCE0;79
W06449PNCE0;54072
W06445PNCE0;14206
W06448PSQL0;22993
W06450PNCE0;13926
W06451PNCE0;2947
W06450PNCE0;1886
W06448PSQL0;1138
W06449PNCE0;748
W06451PNCE0;1527
W03900PMBX0;2
W05691PAPP0;4
W06448PSQL0;1179
W06449PNCE0;13
W06791PAPP0;329
W06532PAPP0;466
W03900PMBX0;3
W05691PAPP0;5
W06791PAPP0;458
W06545PNOD1;53282
W06545PNOD1;52398
W06545PNOD2;14
W06791PAPP0;870
W06559PAPP0;243
NSCL169PFAP;8
W00707PFLE0;5
W06791PAPP0;230
W06625QAPP0;13
W05691PAPP0;13
W06626QAPP0;13
W05691PAPP0;13
W06627QNOD1;8
W05691PAPP0;8
W06627QNOD2;11
W05691PAPP0;11
W06682EAPP0;388
W05691PAPP0;5
W06791PAPP0;383
W06761PSQL0;409
W06791PAPP0;409
W06791PAPP0;50231
BTG;336
L02427PAPP0;321
L02633PAPP0;532
L02694PAPP0;474
L02701PAPP0;410
L03021PAPP0;317
L03074PAPP0;150
L03075PAPP0;148
L03087PAPP0;506
L03331PAPP01;397
L03455PAPP0;453
L03456PAPP0;407
L04011PAPP0;543
L04014PAPP0;537
L04067PAPP0;536
L04134PAPP0;317
L04160PAPP0;563
L05112PAPP0;351
L05113PAPP0;449
L05374PORA0;317
L05463PAPP0;534
L05526PAPP0;487
L05528PNOD1;1041
L05528PNOD2;401
L05820PAPP0;356
L05827PAPP0;340
L05918PAPP0;321
L05984PSQL0;514
L05997PORA0;499
L05998PORA0;534
L06023PAPPO;326
L06036PAPP0;384
L06100PAPP0;311
L06284PAPP0;352
L06326PAPP0;515
L06387PAPP0;348
L06392PAPP0;328
L06514PAPP0;478
L06689EAPP0;349
L06780PAPP0;331
NSCL047PMBX;475
NSCL115PNMG;1
NSCL116PNMG;1
NSCL138PAPP;291
NSCL139PAPP;1
NSCL169PFAP;2
PSMP;492
S02969PAPP0;381
S03018PAPP0;474
S03019PAPP0;450
TEM-VDI-WIN11;230
TEMPBCM-W2K16S;174
TEMPLATE-TIT-2K;1
VDI-CL-TI-0024;11
VDI-CL-TI-0037;42
VDI-CL-TI-0062;1
W00571PAPP0;404
W00572PAPP0;4
W00707PFLE0;298
W00708PAPP0;1
W00928PFLE0;435
W01345PAPP0;1
W01605PAPP0;485
W01606PAPP0;426
W01608PNOD1;2
W02129PAPP0;403
W02130PAPP0;379
W02283PAPP0;451
W02369PAPP0;485
W02475PAPP0;493
W02476PAPP0;1
W02509PAPP0;2
W02510PAPP1;350
W02561PAPP0;281
W02763PAPP1;1
W02763PAPP2;3
W02764PNOD2;559
W02764PNOD3;2
W02823PAPP0;296
W02824PAPP0;2
W02825PNOD1;514
W02825PNOD2;397
W02857PAPP0;321
W02872PAPP0;5
W02957EAPP0;6
W02962PAPP0;425
W02975PAPP0;369
W03014PAPP0;481
W03015PAPP0;4
W03022PNOD1;545
W03022PNOD2;506
W03059PAPP0;435
W03060PAPP0;2
W03073PNOD1;424
W03073PNOD2;432
W03095PNOD1;21
W03095PNOD2;1
W03096PAPP0;1
W03097PAPP0;483
W03139PAPP0;444
W03156PNOD1;2
W03156PNOD2;1
W03157PAPP0;379
W03158PAPP0;452
W03328PSQL0;435
W03453PNOD1;1
W03453PNOD2;309
W03807PAPP0;2
W03869PNOD1;430
W03869PNOD2;269
W03898PMON0;329
W03900PMBX0;2
W03926PAPP0;258
W04009PAPP0;425
W04013PSQL0;1
W04049PAPP0;455
W04050PAPP0;2
W04051PAPP0;429
W04150PSQL0;3
W04158PAPP0;5
W04165PAPP0;3
W04181PNOD1;1305
W04181PNOD2;2
W04197PAPP0;418
W05004PNOD1;55
W05004PNOD2;460
W05010PAPP0;1
W05011PAPP0;2
W05012PAPP0;251
W05013PAPP0;605
W05049PBKP0;2
W05053PNOD1;378
W05053PNOD2;1
W05054PNOD1;483
W05054PNOD2;437
W05115PNOD1;493
W05115PNOD2;2
W05115PNOD3;436
W05117PAPP0;415
W05142PAPP0;5
W05169PAPP0;359
W05176PSQL0;4
W05219PAPP0;257
W05247PNOD1;437
W05247PNOD2;341
W05250PAPP0;379
W05251PAPP0;258
W05262PAPP0;1
W05263PAPP0;315
W05359PCXW0;1
W05360PCXW0;1
W05416PPSC0;2
W05427PCXW0;2
W05684PAPP0;301
W05685PAPP0;1
W05686PNOD1;575
W05686PNOD2;403
W05691PAPP0;7
W05781PAPP0;420
W05782PAPP0;2
W05871PAPP0;3
W05895PSQL0;374
W05911PCXW0;424
W05912PCXW0;378
W05935PAPP0;381
W05986PAPP0;337
W06178PFLE0;384
W06307PSQL0;311
W06353PCXW0;2
W06445PNCE0;410
W06448PSQL0;437
W06449PNCE0;503
W06450PNCE0;402
W06451PNCE0;1
W06532PAPP0;3
W06545PNOD1;227
W06545PNOD2;219
W06559PAPP0;1
W06682EAPP0;1
W06761PSQL0;4
W06793QAPP0;8
W05416PPSC0;2
W05691PAPP0;6
Weblogic-12-Auto;24
W03900PMBX0;24
Weblogic-12-Auto_0000000002;14
W03900PMBX0;14
(blank);
(blank);
Grand Total;1114789